Fold,Train_Accuracy,Val_Accuracy,Test_Accuracy,Train_F1,Val_F1,Test_F1,Train_AUCPR,Val_AUCPR,Test_AUCPR,Train_Precision,Val_Precision,Test_Precision,Train_Recall,Val_Recall,Test_Recall,Best_Epoch
1,1.0,0.9871615312791784,0.6243055555555556,1.0,0.9880478087649402,0.6942675159235668,1.0,0.9976028179900603,0.7446746537814266,1.0,0.992,0.6411764705882353,1.0,0.9841269841269841,0.7569444444444444,14
2,1.0,0.9822595704948646,0.5965277777777778,1.0,0.9841269841269841,0.6750788643533123,1.0,0.9971607170772379,0.6391143900338367,1.0,0.9841269841269841,0.6184971098265896,1.0,0.9841269841269841,0.7430555555555556,61
3,1.0,0.9705882352941176,0.6340277777777777,1.0,0.9767441860465116,0.7212121212121212,1.0,0.9852501745680714,0.6530951223186444,1.0,0.9545454545454546,0.6397849462365591,1.0,1.0,0.8263888888888888,35
4,1.0,0.9715219421101774,0.6041666666666666,1.0,0.9765625,0.6813880126182965,1.0,0.9911687470568746,0.6009595116531379,1.0,0.9615384615384616,0.6242774566473989,1.0,0.9920634920634921,0.75,27
5,1.0,0.98828125,0.6083333333333333,1.0,0.9881422924901185,0.6972477064220184,1.0,0.9970191987665431,0.7281904854004217,1.0,1.0,0.6229508196721312,1.0,0.9765625,0.7916666666666666,59
