Fold,Train_Accuracy,Val_Accuracy,Test_Accuracy,Train_F1,Val_F1,Test_F1,Train_AUCPR,Val_AUCPR,Test_AUCPR,Train_Precision,Val_Precision,Test_Precision,Train_Recall,Val_Recall,Test_Recall,Best_Epoch
1,0.9353878194303726,0.8947245564892623,0.6208333333333333,0.9473684210526315,0.9111969111969112,0.7164179104477612,0.9880912255793409,0.9713854020652783,0.7935074741861322,0.9198396793587175,0.8872180451127819,0.6282722513089005,0.9765957446808511,0.9365079365079365,0.8333333333333334,76
2,0.8105651243949117,0.688608776844071,0.6333333333333333,0.8459214501510574,0.773972602739726,0.7346938775510204,0.9484477358517576,0.8739041820358588,0.7058413888163243,0.8030592734225621,0.6807228915662651,0.6331658291457286,0.8936170212765957,0.8968253968253969,0.875,74
3,0.865462118653608,0.8274976657329598,0.6743055555555555,0.8725274725274725,0.8446215139442231,0.7218543046357616,0.9511112081524751,0.8950058691276708,0.8106729397730127,0.9022727272727272,0.848,0.689873417721519,0.8446808510638298,0.8412698412698413,0.7569444444444444,79
4,0.5743498817966903,0.5667600373482726,0.5145833333333334,0.3270868824531516,0.2987012987012987,0.11464968152866242,0.7236345451588091,0.7297712995935908,0.6969478420352203,0.8205128205128205,0.8214285714285714,0.6923076923076923,0.20425531914893616,0.18253968253968253,0.0625,46
5,0.9686797121007648,0.92140625,0.6243055555555556,0.9709364908503767,0.9224489795918367,0.7076923076923077,0.9901547749955112,0.9720259899614359,0.7923466890834814,0.9783080260303688,0.9658119658119658,0.6353591160220995,0.9636752136752137,0.8828125,0.7986111111111112,97
