Fold,Train_Accuracy,Val_Accuracy,Test_Accuracy,Train_F1,Val_F1,Test_F1,Train_AUCPR,Val_AUCPR,Test_AUCPR,Train_Precision,Val_Precision,Test_Precision,Train_Recall,Val_Recall,Test_Recall,Best_Epoch
1,0.9922942699538444,0.9645191409897292,0.5597222222222222,0.9925133689839573,0.9682539682539683,0.654320987654321,0.9996138563661614,0.9969312262041684,0.6740871774375443,0.9978494623655914,0.9682539682539683,0.5888888888888889,0.9872340425531915,0.9682539682539683,0.7361111111111112,94
2,0.97768771811325,0.9220354808590103,0.6604166666666667,0.978448275862069,0.9274193548387096,0.73125,0.9946583194952147,0.975376267740249,0.8289435800259024,0.9912663755458515,0.9426229508196722,0.6647727272727273,0.9659574468085106,0.9126984126984127,0.8125,97
3,0.9883260159855904,0.9430438842203548,0.6291666666666667,0.9893390191897654,0.9538461538461539,0.6945337620578779,0.9995667201986418,0.9812747939092671,0.6775848569340552,0.9914529914529915,0.9253731343283582,0.6467065868263473,0.9872340425531915,0.9841269841269841,0.75,97
4,0.9838117753011371,0.930905695611578,0.6125,0.9850427350427351,0.9354838709677419,0.6857142857142857,0.9966043650418142,0.9879705803721127,0.8054953522035432,0.9892703862660944,0.9508196721311475,0.631578947368421,0.9808510638297873,0.9206349206349206,0.75,96
5,0.9696693657219972,0.9325,0.5958333333333333,0.9706840390879479,0.9294605809128631,0.677115987460815,0.9951822246566571,0.9783090245493485,0.7350590954753998,0.9867549668874173,0.9911504424778761,0.6171428571428571,0.9551282051282052,0.875,0.75,98
