Fold,Train_Accuracy,Val_Accuracy,Test_Accuracy,Train_F1,Val_F1,Test_F1,Train_AUCPR,Val_AUCPR,Test_AUCPR,Train_Precision,Val_Precision,Test_Precision,Train_Recall,Val_Recall,Test_Recall,Best_Epoch
1,0.8550827423167848,0.8333333333333334,0.5722222222222222,0.8596881959910914,0.8467741935483871,0.6287625418060201,0.9484203169662596,0.9455093568286409,0.7665919634592144,0.9018691588785047,0.860655737704918,0.6064516129032258,0.8212765957446808,0.8333333333333334,0.6527777777777778,98
2,0.8526961612067996,0.7570028011204482,0.6166666666666667,0.8574610244988864,0.7532467532467533,0.6732673267326733,0.9407336833641063,0.9014680827267141,0.7963601257481512,0.8995327102803738,0.8285714285714286,0.6415094339622641,0.8191489361702128,0.6904761904761905,0.7083333333333334,89
3,0.8123550602274007,0.8057889822595705,0.6361111111111111,0.8162344983089064,0.824,0.6571428571428571,0.9259225996781523,0.8936382824560926,0.7624884809413794,0.86810551558753,0.8306451612903226,0.6764705882352942,0.7702127659574468,0.8174603174603174,0.6388888888888888,99
4,0.7994146121805696,0.7791783380018673,0.6812499999999999,0.8097345132743363,0.8,0.7167235494880546,0.8929718339767593,0.8977855607829515,0.7703142771079268,0.8433179723502304,0.8064516129032258,0.7046979865771812,0.7787234042553192,0.7936507936507936,0.7291666666666666,94
5,0.7971322537112011,0.7068749999999999,0.6208333333333333,0.7896592244418331,0.6846846846846847,0.6428571428571429,0.9191044774254029,0.8688072116186238,0.7886483040031753,0.8772845953002611,0.8085106382978723,0.6617647058823529,0.717948717948718,0.59375,0.625,99
