Fold,Train_Accuracy,Val_Accuracy,Test_Accuracy,Train_F1,Val_F1,Test_F1,Train_AUCPR,Val_AUCPR,Test_AUCPR,Train_Precision,Val_Precision,Test_Precision,Train_Recall,Val_Recall,Test_Recall,Best_Epoch
1,0.9566981875492514,0.9045284780578898,0.5597222222222222,0.9573770491803278,0.9182879377431906,0.6686567164179105,0.994605754071214,0.9809559283996956,0.6537572796284176,0.9842696629213483,0.9007633587786259,0.5863874345549738,0.9319148936170213,0.9365079365079365,0.7777777777777778,79
2,0.9448215692896544,0.8765172735760971,0.6645833333333333,0.9496248660235799,0.8796680497925311,0.7207792207792207,0.9895936060163201,0.9563625569904206,0.8241001232026469,0.9568034557235421,0.9217391304347826,0.676829268292683,0.9425531914893617,0.8412698412698413,0.7708333333333334,74
3,0.987780029269391,0.9439775910364145,0.6868055555555556,0.9882100750267953,0.9534883720930233,0.7538940809968847,0.9995381931474654,0.9276054392207189,0.8428122806860452,0.9956803455723542,0.9318181818181818,0.6836158192090396,0.9808510638297873,0.9761904761904762,0.8402777777777778,98
4,0.9795564561522008,0.9169000933706817,0.6159722222222221,0.98068669527897,0.9166666666666666,0.689873417721519,0.9974918362454739,0.9781554013319211,0.6914689471427664,0.9891774891774892,0.9649122807017544,0.6337209302325582,0.9723404255319149,0.873015873015873,0.7569444444444444,79
5,0.9800269905533063,0.9403125,0.6395833333333334,0.9805194805194806,0.9382716049382716,0.72,0.9957348901505979,0.9807031625655713,0.7502388317934874,0.993421052631579,0.991304347826087,0.6464088397790055,0.967948717948718,0.890625,0.8125,98
