Fold,Train_Accuracy,Val_Accuracy,Test_Accuracy,Train_F1,Val_F1,Test_F1,Train_AUCPR,Val_AUCPR,Test_AUCPR,Train_Precision,Val_Precision,Test_Precision,Train_Recall,Val_Recall,Test_Recall
1,1.0,0.9871615312791784,0.6375,1.0,0.9880478087649402,0.7250755287009063,1.0,0.9963529780525582,0.8345832966847154,1.0,0.992,0.6417112299465241,1.0,0.9841269841269841,0.8333333333333334
2,1.0,0.9813258636788049,0.6381944444444444,1.0,0.984251968503937,0.723404255319149,1.0,0.9988001107440251,0.7686512487036348,1.0,0.9765625,0.6432432432432432,1.0,0.9920634920634921,0.8263888888888888
3,1.0,0.9880952380952381,0.56875,1.0,0.9879518072289156,0.6407766990291263,1.0,0.9999999999999999,0.7018181146068283,1.0,1.0,0.6,1.0,0.9761904761904762,0.6875
4,1.0,0.9733893557422969,0.6479166666666667,1.0,0.9761904761904762,0.7478260869565218,1.0,0.9991901681554981,0.7997917092505642,1.0,0.9761904761904762,0.6417910447761194,1.0,0.9761904761904762,0.8958333333333334
5,1.0,0.995,0.5868055555555556,1.0,0.9961089494163424,0.7134831460674157,0.9999999999999999,1.0,0.7797058040268628,1.0,0.9922480620155039,0.5990566037735849,1.0,1.0,0.8819444444444444
Average,1.0,0.9849943977591037,0.6158333333333333,1.0,0.9865102020209223,0.7101131432146238,1.0,0.9988686513904164,0.776910034654521,1.0,0.9874002076411961,0.6251604243478943,1.0,0.9857142857142858,0.825
