Phase,Final_RecLoss,Final_DCor
Train,0.9461979071299235,0.021245261251748443
Validation,1.0599772731463115,0.09542405935651666
Test,0.9663350202820518,0.014524736698560836
