Fold,Train_Accuracy,Val_Accuracy,Test_Accuracy,Train_F1,Val_F1,Test_F1,Train_AUCPR,Val_AUCPR,Test_AUCPR,Train_Precision,Val_Precision,Test_Precision,Train_Recall,Val_Recall,Test_Recall,Best_Epoch
1,0.7361026680175616,0.7413632119514473,0.5736111111111111,0.7238095238095238,0.7457627118644068,0.5860805860805861,0.838974232767236,0.8277496326063094,0.650743137332106,0.8216216216216217,0.8,0.6201550387596899,0.6468085106382979,0.6984126984126984,0.5555555555555556,98
2,0.7425137903861307,0.727357609710551,0.5402777777777777,0.7368421052631579,0.7192982456140351,0.589041095890411,0.8602571509595471,0.8231685334828593,0.6097670215401938,0.8181818181818182,0.803921568627451,0.581081081081081,0.6702127659574468,0.6507936507936508,0.5972222222222222,97
3,0.6585556681301362,0.6799719887955182,0.6222222222222222,0.6251556662515566,0.6666666666666666,0.6188679245283019,0.7982708990357719,0.8071549375813856,0.7719906038487665,0.7537537537537538,0.7575757575757576,0.6776859504132231,0.5340425531914894,0.5952380952380952,0.5694444444444444,63
4,0.6609422492401216,0.6986461251167133,0.69375,0.6276463262764632,0.6816143497757847,0.6585365853658537,0.7701396147490873,0.7657202489488986,0.7335057920281876,0.7567567567567568,0.7835051546391752,0.7941176470588235,0.5361702127659574,0.6031746031746031,0.5625,52
5,0.7673864147548358,0.7290625,0.7361111111111112,0.7438423645320197,0.6915887850467289,0.71875,0.9091543989514991,0.8654225783992835,0.8491184479041285,0.877906976744186,0.8604651162790697,0.8214285714285714,0.6452991452991453,0.578125,0.6388888888888888,99
