Fold,Train_Accuracy,Val_Accuracy,Test_Accuracy,Train_F1,Val_F1,Test_F1,Train_AUCPR,Val_AUCPR,Test_AUCPR,Train_Precision,Val_Precision,Test_Precision,Train_Recall,Val_Recall,Test_Recall,Best_Epoch
1,0.9954857593155466,0.9880952380952381,0.6694444444444445,0.9957356076759062,0.9879518072289156,0.7341772151898734,0.9998772420057338,0.9958416009816687,0.746900172852701,0.9978632478632479,1.0,0.6744186046511628,0.9936170212765958,0.9761904761904762,0.8055555555555556,79
2,0.9882978723404255,0.9624183006535947,0.6486111111111111,0.9881593110871906,0.9635627530364372,0.7227414330218068,0.9988660476008525,0.9862604054488741,0.7642188549868469,1.0,0.9834710743801653,0.655367231638418,0.9765957446808511,0.9444444444444444,0.8055555555555556,98
3,0.9490487447934257,0.907563025210084,0.69375,0.9525862068965517,0.9230769230769231,0.7724550898203593,0.993680553836629,0.9478174474872979,0.6916124442031806,0.9650655021834061,0.8955223880597015,0.6789473684210526,0.9404255319148936,0.9523809523809523,0.8958333333333334,88
4,0.9939040864572779,0.9418767507002801,0.6,0.9946865037194474,0.9486166007905138,0.6792452830188679,0.9990778506216874,0.9934653684288054,0.7339387153070109,0.9936305732484076,0.9448818897637795,0.6206896551724138,0.9957446808510638,0.9523809523809523,0.75,77
5,0.9989316239316239,0.9715625,0.5715277777777779,0.9989304812834224,0.9721115537848606,0.6625386996904025,0.9997427050653336,0.9929111158532945,0.5940212151839874,1.0,0.991869918699187,0.5977653631284916,0.9978632478632479,0.953125,0.7430555555555556,85
