{
    "accuracies": [
        0.8499511241446726,
        0.7877237851662404,
        0.8759590792838874,
        0.8225703324808185,
        0.8519820971867007
    ],
    "aucs": [
        0.9165852069077876,
        0.9005754475703325,
        0.9360613810741688,
        0.8932225063938619,
        0.9398976982097187
    ]
}