{
    "accuracies": [
        0.6366485778443114,
        0.7345153443113772,
        0.6814184131736527,
        0.7015812125748503,
        0.6347773203592815
    ],
    "aucs": [
        0.6954528443113773,
        0.8661115269461077,
        0.7579528443113771,
        0.8508607784431138,
        0.6979790419161677
    ],
    "f1_scores": [
        0.6569343065693432,
        0.8800000000000001,
        0.7687296416938111,
        0.8436578171091447,
        0.8444444444444443
    ],
    "average_accuracy": 0.6777881736526946,
    "std_accuracy": 0.03831359830497441,
    "average_auc": 0.7736714071856288,
    "std_auc": 0.07293548619634765,
    "average_f1_score": 0.7987532419633487,
    "std_f1_score": 0.07964818837122813
}