{
    "accuracies": [
        0.844574780058651,
        0.8334398976982097,
        0.8209718670076727,
        0.8024296675191815,
        0.8356777493606138
    ],
    "aucs": [
        0.9178885630498533,
        0.9325447570332481,
        0.8986572890025575,
        0.9031329923273658,
        0.929987212276215
    ]
}