{
    "accuracies": [
        0.6483439371257484,
        0.7976702844311377,
        0.7073353293413174,
        0.7406437125748503,
        0.6239708083832336
    ],
    "aucs": [
        0.6845059880239521,
        0.8882859281437127,
        0.7906062874251497,
        0.8594685628742514,
        0.7107971556886228
    ],
    "f1_scores": [
        0.7643312101910829,
        0.8895522388059701,
        0.7551020408163266,
        0.8562874251497006,
        0.8388888888888889
    ],
    "average_accuracy": 0.7035928143712574,
    "std_accuracy": 0.06265692000618611,
    "average_auc": 0.7867327844311378,
    "std_auc": 0.07979357882094834,
    "average_f1_score": 0.8208323607703937,
    "std_f1_score": 0.05257066941386479
}