{
    "accuracies": [
        0.6657934131736527,
        0.8235872005988024,
        0.6895116017964071,
        0.7298372005988024,
        0.6462387724550898
    ],
    "aucs": [
        0.691055389221557,
        0.8927769461077844,
        0.7890157185628743,
        0.8489895209580838,
        0.6959206586826348
    ],
    "f1_scores": [
        0.7637540453074434,
        0.8819875776397514,
        0.6814814814814816,
        0.8502994011976048,
        0.838526912181303
    ],
    "average_accuracy": 0.7109936377245509,
    "std_accuracy": 0.06281738772927388,
    "average_auc": 0.7835516467065868,
    "std_auc": 0.08059390201234534,
    "average_f1_score": 0.8032098835615168,
    "std_f1_score": 0.07217368954308002
}