{
    "accuracies": [
        0.844574780058651,
        0.8443094629156009,
        0.8264066496163682,
        0.8008312020460358,
        0.8372762148337596
    ],
    "aucs": [
        0.9185402411208863,
        0.9389386189258312,
        0.9005754475703325,
        0.8877877237851661,
        0.9402173913043478
    ],
    "f1s": [
        0.7500000000000001,
        0.7761194029850745,
        0.7297297297297296,
        0.6933333333333332,
        0.7499999999999999
    ]
}