{
    "accuracies": [
        0.6489769820971867,
        0.8035714285714286,
        0.7001329787234043,
        0.7769138755980861,
        0.8100516246583662
    ],
    "aucs": [
        0.7381713554987213,
        0.9314868804664723,
        0.8101728723404256,
        0.8926435406698563,
        0.9316732462799879
    ]
}