{
    "accuracies": [
        0.5220808383233533,
        0.5025261976047903,
        0.4917196856287425,
        0.5492608532934131,
        0.5454715568862276
    ],
    "aucs": [
        0.5014034431137725,
        0.5542664670658682,
        0.5635291916167664,
        0.6162050898203593,
        0.6235029940119761
    ],
    "f1_scores": [
        0.5363984674329502,
        0.6557377049180327,
        0.6491803278688525,
        0.7129337539432177,
        0.7624633431085045
    ],
    "average_accuracy": 0.5222118263473053,
    "std_accuracy": 0.02275951100496549,
    "average_auc": 0.5717814371257485,
    "std_auc": 0.044668817174300504,
    "average_f1_score": 0.6633427194543116,
    "std_f1_score": 0.07570656700452853
}