{
    "accuracies": [
        0.3597024700598802,
        0.6235029940119761,
        0.5814464820359282,
        0.579060628742515,
        0.6470340568862276
    ],
    "aucs": [
        0.3334580838323354,
        0.6397829341317366,
        0.6331399700598802,
        0.5880426646706587,
        0.7393338323353295
    ],
    "f1_scores": [
        0.5454545454545454,
        0.6240601503759398,
        0.6074074074074074,
        0.7884057971014493,
        0.7926829268292682
    ],
    "average_accuracy": 0.5581493263473055,
    "std_accuracy": 0.10250150438077174,
    "average_auc": 0.586751497005988,
    "std_auc": 0.13594470425989127,
    "average_f1_score": 0.671602165433722,
    "std_f1_score": 0.10059629350141837
}