{
    "accuracies": [
        0.7342814371257484,
        0.8008046407185629,
        0.7594030688622755,
        0.7996351047904191,
        0.6299588323353293
    ],
    "aucs": [
        0.7718001497005988,
        0.8557260479041916,
        0.8385104790419162,
        0.8643338323353293,
        0.7209019461077844
    ],
    "f1_scores": [
        0.7920792079207922,
        0.8616352201257861,
        0.8317460317460316,
        0.8535031847133757,
        0.845303867403315
    ],
    "average_accuracy": 0.7448166167664672,
    "std_accuracy": 0.06269894846730345,
    "average_auc": 0.810254491017964,
    "std_auc": 0.05523269348902939,
    "average_f1_score": 0.8368535023818602,
    "std_f1_score": 0.024468664965044948
}