{
    "accuracies": [
        0.39146706586826346,
        0.6355726047904191,
        0.5964165419161677,
        0.5682541167664671,
        0.6744947604790419
    ],
    "aucs": [
        0.32110778443113774,
        0.6497941616766467,
        0.6361339820359282,
        0.5886976047904191,
        0.7865830838323353
    ],
    "f1_scores": [
        0.5855263157894737,
        0.7999999999999999,
        0.6327272727272727,
        0.782608695652174,
        0.8448275862068965
    ],
    "average_accuracy": 0.5732410179640718,
    "std_accuracy": 0.09771518903846668,
    "average_auc": 0.5964633233532934,
    "std_auc": 0.15260697362905967,
    "average_f1_score": 0.7291379740751633,
    "std_f1_score": 0.1011770358028808
}