{
    "accuracies": [
        0.8391984359726296,
        0.8558184143222507,
        0.8797953964194374,
        0.796994884910486,
        0.8558184143222507
    ],
    "aucs": [
        0.9143043336591724,
        0.9504475703324808,
        0.9430946291560102,
        0.8654092071611253,
        0.9392583120204604
    ],
    "f1s": [
        0.7397260273972603,
        0.7631578947368423,
        0.7848101265822784,
        0.6944444444444445,
        0.7631578947368423
    ]
}