{
    "accuracies": [
        0.6891495601173021,
        0.7474424552429668,
        0.6560102301790282,
        0.6307544757033248,
        0.7193094629156009
    ],
    "aucs": [
        0.7914630172694689,
        0.8126598465473147,
        0.7496803069053708,
        0.6953324808184143,
        0.8650895140664961
    ]
}