{
    "accuracies": [
        0.7348484848484849,
        0.8106782106782107,
        0.7645021645021646,
        0.856998556998557,
        0.7922077922077921
    ],
    "aucs": [
        0.8251964085297419,
        0.8796536796536797,
        0.8646464646464647,
        0.9001443001443001,
        0.8354978354978356
    ],
    "f1s": [
        0.75,
        0.8139534883720929,
        0.8241758241758242,
        0.8864864864864866,
        0.8181818181818181
    ]
}