{
    "accuracies": [
        0.6616161616161617,
        0.6527777777777778,
        0.678030303030303,
        0.6982323232323233,
        0.7146464646464646
    ],
    "aucs": [
        0.7398989898989898,
        0.7545913682277319,
        0.8101469237832876,
        0.7975206611570248,
        0.7982093663911846
    ],
    "f1_scores": [
        0.5194805194805195,
        0.4927536231884058,
        0.53125,
        0.5753424657534246,
        0.6027397260273972
    ],
    "average_accuracy": 0.681060606060606,
    "std_accuracy": 0.02284760512377277,
    "average_auc": 0.7800734618916436,
    "std_auc": 0.02757192123068482,
    "average_f1_score": 0.5443132668899494,
    "std_f1_score": 0.039552935298957696
}