{
    "accuracies": [
        0.7346041055718475,
        0.6806265984654731,
        0.6799872122762148,
        0.6361892583120204,
        0.6998081841432224
    ],
    "aucs": [
        0.8172043010752689,
        0.8024296675191815,
        0.7688618925831201,
        0.6962915601023019,
        0.8494245524296675
    ],
    "f1s": [
        0.5925925925925926,
        0.5348837209302325,
        0.5333333333333332,
        0.49541284403669716,
        0.5544554455445544
    ]
}