{
    "accuracies": [
        0.550056137724551,
        0.8181137724550898,
        0.6664483532934131,
        0.7015812125748503,
        0.6347773203592815
    ],
    "aucs": [
        0.5888847305389221,
        0.8892215568862276,
        0.7805950598802396,
        0.8381362275449101,
        0.7012537425149701
    ],
    "f1_scores": [
        0.6506849315068494,
        0.8942598187311178,
        0.7483443708609271,
        0.8436578171091447,
        0.8444444444444443
    ],
    "average_accuracy": 0.6741953592814371,
    "std_accuracy": 0.08773464405128371,
    "average_auc": 0.759618263473054,
    "std_auc": 0.1057908000800409,
    "average_f1_score": 0.7962782765304967,
    "std_f1_score": 0.08678740074098827
}