{
    "accuracies": [
        0.562687125748503,
        0.8205931886227544,
        0.6348241017964071,
        0.7461171407185629,
        0.6342627245508983
    ],
    "aucs": [
        0.5941242514970059,
        0.8952095808383234,
        0.734187874251497,
        0.8517028443113772,
        0.6646706586826348
    ],
    "f1_scores": [
        0.6505190311418685,
        0.8785046728971964,
        0.6642599277978339,
        0.8430769230769232,
        0.8252148997134671
    ],
    "average_accuracy": 0.6796968562874252,
    "std_accuracy": 0.09168700247310436,
    "average_auc": 0.7479790419161676,
    "std_auc": 0.11246087171287028,
    "average_f1_score": 0.7723150909254579,
    "std_f1_score": 0.0954903685571668
}