{
    "accuracies": [
        0.8499511241446726,
        0.8443094629156009,
        0.8318414322250639,
        0.8209718670076727,
        0.8519820971867007
    ],
    "aucs": [
        0.8924731182795699,
        0.9379795396419437,
        0.907928388746803,
        0.8797953964194374,
        0.9382992327365729
    ]
}