{
    "accuracies": [
        0.7095959595959596,
        0.8040404040404041,
        0.746897546897547,
        0.7704184704184704,
        0.8073593073593073
    ],
    "aucs": [
        0.8257575757575759,
        0.8617604617604617,
        0.8432900432900432,
        0.8845598845598847,
        0.8354978354978355
    ],
    "f1s": [
        0.7752808988764046,
        0.8602150537634408,
        0.8421052631578948,
        0.8449197860962567,
        0.8379888268156425
    ]
}