{
    "accuracies": [
        0.8660801564027371,
        0.8225703324808185,
        0.8906649616368286,
        0.7698209718670077,
        0.8535805626598465
    ],
    "aucs": [
        0.921146953405018,
        0.9162404092071611,
        0.9472506393861893,
        0.8756393861892583,
        0.9581202046035806
    ],
    "f1s": [
        0.7941176470588236,
        0.7323943661971832,
        0.8051948051948051,
        0.6493506493506493,
        0.782608695652174
    ]
}