{
    "accuracies": [
        0.7815656565656566,
        0.7711399711399711,
        0.7854256854256854,
        0.7660894660894662,
        0.7619047619047619
    ],
    "aucs": [
        0.914702581369248,
        0.8802308802308803,
        0.8753246753246753,
        0.9056277056277057,
        0.8389610389610389
    ],
    "f1s": [
        0.7710843373493976,
        0.7738095238095237,
        0.778443113772455,
        0.7664670658682635,
        0.7764705882352941
    ]
}