Fold,Train_Accuracy,Val_Accuracy,Test_Accuracy,Train_F1,Val_F1,Test_F1,Train_AUCPR,Val_AUCPR,Test_AUCPR,Train_Precision,Val_Precision,Test_Precision,Train_Recall,Val_Recall,Test_Recall,Best_Epoch
1,1.0,0.9596171802054154,0.6027777777777779,1.0,0.9644268774703557,0.6987951807228916,1.0,0.9973776127599279,0.7040894694062974,1.0,0.9606299212598425,0.6170212765957447,1.0,0.9682539682539683,0.8055555555555556,77
2,0.9904255319148936,0.9743230625583567,0.63125,0.9903329752953813,0.976,0.7155963302752294,0.9993822195519207,0.9969619282059604,0.7452468914097046,1.0,0.9838709677419355,0.639344262295082,0.9808510638297873,0.9682539682539683,0.8125,93
3,1.0,0.9803921568627452,0.6479166666666667,1.0,0.984375,0.7244582043343654,1.0,0.9347514477557406,0.6779957185680828,1.0,0.9692307692307692,0.6536312849162011,1.0,1.0,0.8125,94
4,0.9968085106382979,0.9605508870214753,0.5888888888888889,0.9967982924226254,0.9641434262948207,0.6829268292682927,0.9998026516813299,0.9964671377092902,0.6380833949910769,1.0,0.968,0.6086956521739131,0.9936170212765958,0.9603174603174603,0.7777777777777778,95
5,0.9866846603688708,0.9609375,0.6270833333333333,0.9870689655172413,0.959349593495935,0.7134146341463414,0.9978636844679918,0.9917588126423945,0.6665533501426588,0.9956521739130435,1.0,0.6358695652173914,0.9786324786324786,0.921875,0.8125,89
