Fold,Train_Accuracy,Val_Accuracy,Test_Accuracy,Train_F1,Val_F1,Test_F1,Train_AUCPR,Val_AUCPR,Test_AUCPR,Train_Precision,Val_Precision,Test_Precision,Train_Recall,Val_Recall,Test_Recall,Best_Epoch
1,1.0,0.9782913165266106,0.6125,1.0,0.9800796812749004,0.6993865030674846,1.0,0.9978103468085991,0.7313295531453412,1.0,0.984,0.6263736263736264,1.0,0.9761904761904762,0.7916666666666666,61
2,0.9968085106382979,0.9430438842203548,0.5722222222222222,0.9967982924226254,0.9538461538461539,0.7005649717514124,0.9999774178394115,0.9567149216008215,0.5578122330410462,1.0,0.9253731343283582,0.5904761904761905,0.9936170212765958,0.9841269841269841,0.8611111111111112,95
3,1.0,0.9656862745098039,0.6791666666666667,1.0,0.972972972972973,0.7590361445783133,1.0,0.9940752473416459,0.627905430898872,1.0,0.9473684210526315,0.6702127659574468,1.0,1.0,0.875,77
4,0.9989361702127659,0.9507469654528478,0.6986111111111111,0.9989350372736954,0.9565217391304348,0.7508090614886731,0.9999909749227269,0.9950544689633468,0.837242288671886,1.0,0.952755905511811,0.703030303030303,0.997872340425532,0.9603174603174603,0.8055555555555556,37
5,0.9989316239316239,0.98046875,0.6125,0.9989304812834224,0.9800796812749004,0.712166172106825,1.0,0.9975257299185987,0.7795079152988912,1.0,1.0,0.6217616580310881,0.9978632478632479,0.9609375,0.8333333333333334,55
