Fold,Train_Accuracy,Val_Accuracy,Test_Accuracy,Train_F1,Val_F1,Test_F1,Train_AUCPR,Val_AUCPR,Test_AUCPR,Train_Precision,Val_Precision,Test_Precision,Train_Recall,Val_Recall,Test_Recall,Best_Epoch
1,1.0,0.9675536881419233,0.5826388888888889,1.0,0.9725490196078431,0.6865671641791045,1.0,0.9988253663659487,0.6808636250512418,1.0,0.9612403100775194,0.6020942408376964,1.0,0.9841269841269841,0.7986111111111112,84
2,0.9978723404255319,0.9605508870214753,0.6520833333333333,0.997867803837953,0.9641434262948207,0.7,0.9995358474646275,0.9897279061957017,0.7235874245010759,1.0,0.968,0.6730769230769231,0.9957446808510638,0.9603174603174603,0.7291666666666666,86
3,0.9989361702127659,0.9705882352941176,0.6361111111111111,0.9989350372736954,0.9767441860465116,0.7160493827160493,1.0,0.9929703415794626,0.7554216199995842,1.0,0.9545454545454546,0.6444444444444445,0.997872340425532,1.0,0.8055555555555556,89
4,1.0,0.9675536881419233,0.64375,1.0,0.9725490196078431,0.7222222222222222,1.0,0.9901228483226541,0.655572612398631,1.0,0.9612403100775194,0.65,1.0,0.9841269841269841,0.8125,81
5,1.0,0.98046875,0.5902777777777778,1.0,0.9800796812749004,0.6790123456790124,1.0,0.9953472690186557,0.6025141808627821,1.0,1.0,0.6111111111111112,1.0,0.9609375,0.7638888888888888,82
