Fold,Train_Accuracy,Val_Accuracy,Test_Accuracy,Train_F1,Val_F1,Test_F1,Train_AUCPR,Val_AUCPR,Test_AUCPR,Train_Precision,Val_Precision,Test_Precision,Train_Recall,Val_Recall,Test_Recall,Best_Epoch
1,0.9896625337036307,0.9419940696812453,0.578215192796121,0.9910625620655412,0.9466192170818505,0.6786786786786787,0.9929598804032078,0.9823750485371122,0.5592916926962315,0.9900793650793651,0.9568345323741008,0.5916230366492147,0.9920477137176938,0.9366197183098591,0.795774647887324,97.0
2,0.9899310834093442,0.9226437279534625,0.6362271992611406,0.9910979228486647,0.9290780141843972,0.7212121212121212,0.9986325666371222,0.9702927263239162,0.7640696185703119,0.9920792079207921,0.9424460431654677,0.6329787234042553,0.9901185770750988,0.916083916083916,0.8380281690140845,97.0
3,0.7895271705057941,0.7708179808400885,0.6291849457400138,0.8170128585558852,0.7928571428571428,0.7134146341463414,0.8890262238170712,0.7920983770630121,0.669537174087224,0.8113948919449901,0.7816901408450704,0.6290322580645161,0.8227091633466136,0.8043478260869565,0.823943661971831,90.0
4,0.9889477622504904,0.9585370381830559,0.6168321403832833,0.9900199600798403,0.9655172413793104,0.6918238993710691,0.9978261471831629,0.9923850073596479,0.6751936949753938,0.992,0.9523809523809523,0.625,0.9880478087649402,0.9790209790209791,0.7746478873239436,96.0
5,0.9266969696969698,0.8902143522833178,0.6637612560609558,0.9317023445463812,0.8897058823529411,0.7400611620795107,0.9734578782244423,0.95366766621701,0.7686803980629673,0.9501039501039501,0.952755905511811,0.654054054054054,0.914,0.8344827586206897,0.852112676056338,65.0
Average,0.9369531039132457,0.896841433788234,0.6248441468483028,0.9441791296192626,0.9047554995711284,0.7090380990975442,0.9703805392530012,0.9381637651001397,0.6873545156784256,0.9471314830098194,0.9172215148554805,0.626537614434408,0.9413846525808692,0.89411103962448,0.8169014084507042,
