Fold,Train_Accuracy,Val_Accuracy,Test_Accuracy,Train_F1,Val_F1,Test_F1,Train_AUCPR,Val_AUCPR,Test_AUCPR,Train_Precision,Val_Precision,Test_Precision,Train_Recall,Val_Recall,Test_Recall
1,0.9567263311944163,0.9407096171802054,0.6222222222222222,0.9588744588744589,0.943089430894309,0.686084142394822,0.9865737944611047,0.980103699873926,0.7378273676712539,0.9757709251101322,0.9666666666666667,0.6424242424242425,0.9425531914893617,0.9206349206349206,0.7361111111111112
2,0.9447934256444894,0.9257703081232493,0.6555555555555556,0.948051948051948,0.925,0.7043189368770764,0.9826365714285826,0.9699389574608819,0.8388618821746674,0.9647577092511013,0.9736842105263158,0.6751592356687898,0.9319148936170213,0.8809523809523809,0.7361111111111112
3,0.994967916244512,0.9666199813258637,0.6243055555555556,0.9957537154989384,0.9727626459143969,0.7319884726224783,0.9994763335220938,0.9543531934920914,0.7555689837639931,0.9936440677966102,0.9541984732824428,0.625615763546798,0.997872340425532,0.9920634920634921,0.8819444444444444
4,0.9577901609816504,0.9388422035480859,0.6701388888888888,0.96,0.944,0.732484076433121,0.9939690557197596,0.9897586093868841,0.8253326321157428,0.9758241758241758,0.9516129032258065,0.6764705882352942,0.9446808510638298,0.9365079365079365,0.7986111111111112
5,0.9973684210526316,0.97828125,0.6347222222222222,0.997867803837953,0.9803921568627451,0.7195121951219512,0.9980330214935501,0.9969618634358407,0.7176515145999013,0.9957446808510638,0.984251968503937,0.6413043478260869,1.0,0.9765625,0.8194444444444444
Average,0.97032925102354,0.9500446720354809,0.6413888888888888,0.9721095852526597,0.9530488467342902,0.7148775646898897,0.9921377553250181,0.9782232647299247,0.7750484760651117,0.9811483117666168,0.9660828444410339,0.6521948355402423,0.963404255319149,0.941344246031746,0.7944444444444445
