Fold,Train_Accuracy,Val_Accuracy,Test_Accuracy,Train_F1,Val_F1,Test_F1,Train_AUCPR,Val_AUCPR,Test_AUCPR,Train_precision,Val_precision,Test_precision,Train_recall,Val_recall,Test_recall
1,0.9987373737373737,0.696969696969697,0.7070707070707071,0.9987357774968395,0.7261904761904762,0.6,1.0,0.8998460870335647,0.6855807922827908,1.0,0.8840579710144928,0.47368421052631576,0.9974747474747475,0.6161616161616161,0.8181818181818182
2,1.0,0.7585858585858586,0.726010101010101,1.0,0.8022598870056498,0.6190476190476191,1.0,0.9191177032176918,0.5797269213259603,1.0,0.9102564102564102,0.47560975609756095,1.0,0.7171717171717171,0.8863636363636364
3,1.0,0.7451659451659451,0.6818181818181819,1.0,0.8131868131868132,0.5760000000000001,1.0,0.897200258749642,0.681693601066356,1.0,0.891566265060241,0.4444444444444444,1.0,0.7474747474747475,0.8181818181818182
4,0.9987373737373737,0.6493506493506493,0.7537878787878788,0.9987357774968395,0.7741935483870968,0.6456692913385826,1.0,0.8754880150792974,0.7297142332223526,1.0,0.8275862068965517,0.4939759036144578,0.9974747474747475,0.7272727272727273,0.9318181818181818
5,0.9987373737373737,0.61991341991342,0.7297979797979798,0.9987357774968395,0.75,0.6229508196721312,1.0,0.8918402143343376,0.7251242751328544,1.0,0.8117647058823529,0.48717948717948717,0.9974747474747475,0.696969696969697,0.8636363636363636
Average,0.9992424242424243,0.6939971139971141,0.7196969696969696,0.9992414664981035,0.7731661449540072,0.6127335460116667,1.0,0.8966984556829068,0.6803679646060627,1.0,0.8650463118220098,0.47497876037245323,0.9984848484848484,0.7010101010101011,0.8636363636363636
