Fold,Train_Accuracy,Val_Accuracy,Test_Accuracy,Train_F1,Val_F1,Test_F1,Train_AUCPR,Val_AUCPR,Test_AUCPR,Train_precision,Val_precision,Test_precision,Train_recall,Val_recall,Test_recall
1,0.9987373737373737,0.6792929292929293,0.7462121212121212,0.9987357774968395,0.7325581395348837,0.639344262295082,1.0,0.8971519082253024,0.6474959228889395,1.0,0.863013698630137,0.5,0.9974747474747475,0.6363636363636364,0.8863636363636364
2,0.9974747474747474,0.7258297258297258,0.6414141414141414,0.9974683544303797,0.8021978021978021,0.5413533834586466,1.0,0.9238998122688121,0.6398119346132505,1.0,0.8795180722891566,0.4044943820224719,0.9949494949494949,0.7373737373737373,0.8181818181818182
3,1.0,0.6476190476190475,0.7310606060606061,1.0,0.7415730337078652,0.624,1.0,0.8731141138794287,0.6497341502397214,1.0,0.8354430379746836,0.48148148148148145,1.0,0.6666666666666666,0.8863636363636364
4,0.9974747474747474,0.6787878787878787,0.7007575757575757,0.9974683544303797,0.7978723404255319,0.5954198473282443,1.0,0.8825334882425051,0.6978453497919495,1.0,0.8426966292134831,0.4482758620689655,0.9949494949494949,0.7575757575757576,0.8863636363636364
5,0.9962121212121212,0.6955266955266955,0.7575757575757576,0.9961977186311787,0.7613636363636364,0.6504065040650406,1.0,0.9015628493843122,0.779206057037331,1.0,0.8701298701298701,0.5063291139240507,0.9924242424242424,0.6767676767676768,0.9090909090909091
Average,0.997979797979798,0.6854112554112554,0.7154040404040403,0.9979740409977556,0.7671129904459438,0.6101047994294027,1.0,0.8956524344000721,0.6828186829142384,1.0,0.858160261647466,0.468116167899394,0.9959595959595958,0.6949494949494949,0.8772727272727272
