Fold,Train_Accuracy,Val_Accuracy,Test_Accuracy,Train_F1,Val_F1,Test_F1,Train_AUCPR,Val_AUCPR,Test_AUCPR,Train_Precision,Val_Precision,Test_Precision,Train_Recall,Val_Recall,Test_Recall,Best_Epoch
1,0.9075621444275985,0.8159722222222222,0.6175248210574925,0.9116751269035533,0.8494983277591973,0.7192982456140351,0.9718540563504952,0.9194632873167659,0.8188236608746267,0.9432773109243697,0.8193548387096774,0.615,0.8821218074656189,0.8819444444444444,0.8661971830985915,144.0
2,0.9264845680968375,0.8504580950624117,0.5998614638651582,0.9321357285429142,0.8633093525179856,0.6851851851851852,0.9794062674623498,0.9413495341508744,0.7567599110310405,0.947261663286004,0.8633093525179856,0.6098901098901099,0.9174852652259332,0.8633093525179856,0.7816901408450704,149.0
3,0.9496970169699747,0.8866444279713368,0.6309166474255369,0.9531405782652044,0.896797153024911,0.7080745341614907,0.9843734488108059,0.9407526005263157,0.7944562911147007,0.9676113360323887,0.9064748201438849,0.6333333333333333,0.9390962671905697,0.8873239436619719,0.8028169014084507,139.0
4,0.9090124654482346,0.8814794318391441,0.5712306626645116,0.9226305609284333,0.9003436426116839,0.686046511627907,0.9814569805015991,0.9593697605900475,0.7337755452425702,0.9085714285714286,0.8618421052631579,0.5841584158415841,0.93713163064833,0.9424460431654677,0.8309859154929577,149.0
5,0.9403170428811454,0.8968253968253967,0.6110020780420227,0.9405737704918032,0.8970588235294118,0.6953846153846154,0.9892177486200716,0.9745766822224082,0.6979073223655288,0.9786780383795309,0.953125,0.6174863387978142,0.9053254437869822,0.8472222222222222,0.795774647887324,140.0
Average,0.9266146475647581,0.8662759147841023,0.6061071346109443,0.9320311530263817,0.8814014598886379,0.6987978183946467,0.9812617003490643,0.9471023729612824,0.7603445461256934,0.9490799554387443,0.8808212233269412,0.6119736395725683,0.9162320828634869,0.8844492012024183,0.815492957746479,
