Fold,Train_Accuracy,Val_Accuracy,Test_Accuracy,Train_F1,Val_F1,Test_F1,Train_AUCPR,Val_AUCPR,Test_AUCPR,Train_Precision,Val_Precision,Test_Precision,Train_Recall,Val_Recall,Test_Recall,Best_Epoch
1,0.9933580997410785,0.9782913165266106,0.5513888888888889,0.9935897435897436,0.9800796812749004,0.6503067484662577,0.9996790113326113,0.9983058311427394,0.6804325948085879,0.9978540772532188,0.984,0.5824175824175825,0.9893617021276596,0.9761904761904762,0.7361111111111112,98
2,0.9792693909715187,0.9220354808590103,0.6458333333333333,0.9794594594594594,0.9274193548387096,0.7169811320754716,0.9955914881031405,0.977544873153761,0.8287414289534175,0.9956043956043956,0.9426229508196722,0.6551724137931034,0.9638297872340426,0.9126984126984127,0.7916666666666666,94
3,0.988843859056625,0.9488795518207283,0.6576388888888889,0.9892933618843683,0.9571984435797666,0.7255520504731862,0.9996782681450004,0.9815874767331709,0.715922442163195,0.9956896551724138,0.9389312977099237,0.6647398843930635,0.9829787234042553,0.9761904761904762,0.7986111111111112,93
4,0.9795564561522008,0.9428104575163399,0.5868055555555556,0.98068669527897,0.9482071713147411,0.6749226006191951,0.9943626720697619,0.9870705049732853,0.7950651901887056,0.9891774891774892,0.952,0.6089385474860335,0.9723404255319149,0.9444444444444444,0.7569444444444444,99
5,0.9733693207377418,0.9275,0.6076388888888888,0.9739130434782609,0.9256198347107438,0.6855345911949685,0.9977876250454618,0.9815574391172924,0.7304691472216526,0.9911504424778761,0.9824561403508771,0.6264367816091954,0.9572649572649573,0.875,0.7569444444444444,94
