Fold,Train_Accuracy,Val_Accuracy,Test_Accuracy,Train_F1,Val_F1,Test_F1,Train_AUCPR,Val_AUCPR,Test_AUCPR,Train_Precision,Val_Precision,Test_Precision,Train_Recall,Val_Recall,Test_Recall,Best_Epoch
1,1.0,0.9684873949579832,0.5826388888888889,1.0,0.9723320158102767,0.65814696485623,1.0,0.9984710020101754,0.6601138211830248,1.0,0.968503937007874,0.6094674556213018,1.0,0.9761904761904762,0.7152777777777778,83
2,0.9978723404255319,0.9743230625583567,0.6166666666666667,0.997867803837953,0.976,0.7015384615384616,0.9997878458301512,0.9948758948942705,0.7617270735097521,1.0,0.9838709677419355,0.6298342541436464,0.9957446808510638,0.9682539682539683,0.7916666666666666,99
3,1.0,0.9705882352941176,0.6840277777777777,1.0,0.9767441860465116,0.7484276729559748,1.0,0.9829227737955357,0.6818185786833061,1.0,0.9545454545454546,0.6839080459770115,1.0,1.0,0.8263888888888888,89
4,0.9968085106382979,0.9467787114845938,0.6194444444444445,0.9967982924226254,0.9523809523809523,0.694006309148265,0.9997819735910864,0.9832725042627264,0.6424802864342922,1.0,0.9523809523809523,0.6358381502890174,0.9936170212765958,0.9523809523809523,0.7638888888888888,74
5,0.9989316239316239,0.984375,0.6076388888888888,0.9989304812834224,0.9841269841269841,0.6855345911949685,0.9999999999999999,0.9965609771320904,0.6560834730830323,1.0,1.0,0.6264367816091954,0.9978632478632479,0.96875,0.7569444444444444,86
