Fold,Train_Accuracy,Val_Accuracy,Test_Accuracy,Train_F1,Val_F1,Test_F1,Train_AUCPR,Val_AUCPR,Test_AUCPR,Train_Precision,Val_Precision,Test_Precision,Train_Recall,Val_Recall,Test_Recall,Best_Epoch
1,1.0,0.9724556489262371,0.6243055555555556,1.0,0.9763779527559056,0.6942675159235668,1.0,0.9982049164414826,0.7280382596969526,1.0,0.96875,0.6411764705882353,1.0,0.9841269841269841,0.7569444444444444,12
2,1.0,0.9813258636788049,0.6229166666666667,1.0,0.984251968503937,0.7112462006079028,1.0,0.995826031826911,0.6518561462523956,1.0,0.9765625,0.6324324324324324,1.0,0.9920634920634921,0.8125,53
3,1.0,0.9803921568627452,0.6125,1.0,0.984375,0.6993865030674846,1.0,0.9926999051137777,0.6644864178739309,1.0,0.9692307692307692,0.6263736263736264,1.0,1.0,0.7916666666666666,36
4,1.0,0.9586834733893557,0.6472222222222223,1.0,0.9647058823529412,0.7380952380952381,1.0,0.9975327339801527,0.648815663733004,1.0,0.9534883720930233,0.6458333333333334,1.0,0.9761904761904762,0.8611111111111112,18
5,0.9965474583895637,0.984375,0.6277777777777778,0.9967914438502674,0.9841269841269841,0.7240356083086054,0.9999862881640719,0.9969535328644933,0.7944246285323571,0.9978586723768736,1.0,0.6321243523316062,0.9957264957264957,0.96875,0.8472222222222222,39
