Fold,Train_Accuracy,Val_Accuracy,Test_Accuracy,Train_F1,Val_F1,Test_F1,Train_AUCPR,Val_AUCPR,Test_AUCPR,Train_Precision,Val_Precision,Test_Precision,Train_Recall,Val_Recall,Test_Recall,Best_Epoch
1,1.0,0.9822595704948646,0.5909722222222222,1.0,0.9841269841269841,0.6770186335403726,1.0,0.9996279648365174,0.7063592271244676,1.0,0.9841269841269841,0.6123595505617978,1.0,0.9841269841269841,0.7569444444444444,42
2,1.0,0.9724556489262371,0.6159722222222223,1.0,0.9763779527559056,0.7033639143730887,1.0,0.99926146897089,0.691661178543516,1.0,0.96875,0.6284153005464481,1.0,0.9841269841269841,0.7986111111111112,49
3,1.0,0.9754901960784313,0.6715277777777777,1.0,0.980544747081712,0.7414330218068536,1.0,0.9662117584641918,0.6757232075066766,1.0,0.9618320610687023,0.672316384180791,1.0,1.0,0.8263888888888888,81
4,1.0,0.9715219421101774,0.6472222222222223,1.0,0.9765625,0.7133757961783439,1.0,0.9980740122856474,0.7459422210900555,1.0,0.9615384615384616,0.6588235294117647,1.0,0.9920634920634921,0.7777777777777778,82
5,0.9986842105263158,0.97265625,0.5972222222222222,0.9989327641408752,0.9718875502008032,0.6578947368421053,0.9999908685597663,0.9966465125875981,0.7254579303052786,0.997867803837953,1.0,0.625,1.0,0.9453125,0.6944444444444444,16
