Fold,Train_Accuracy,Val_Accuracy,Test_Accuracy,Train_F1,Val_F1,Test_F1,Train_AUCPR,Val_AUCPR,Test_AUCPR,Train_Precision,Val_Precision,Test_Precision,Train_Recall,Val_Recall,Test_Recall,Best_Epoch
1,0.9089102780592142,0.84593837535014,0.548611111111111,0.9096989966555183,0.85,0.6112956810631229,0.9808777986407441,0.9557746599815835,0.6740214833624932,0.955503512880562,0.8947368421052632,0.5859872611464968,0.8680851063829788,0.8095238095238095,0.6388888888888888,90
2,0.9728864122481143,0.9267040149393091,0.6388888888888888,0.9727965179542981,0.9243697478991597,0.7088607594936709,0.9965268596205951,0.969862023796054,0.8254534556721116,0.9955456570155902,0.9821428571428571,0.6511627906976745,0.951063829787234,0.873015873015873,0.7777777777777778,97
3,0.9784926263649667,0.9063958916900093,0.642361111111111,0.9795918367346939,0.9169960474308301,0.725609756097561,0.9960566336920662,0.9669601227925372,0.7440277850645904,0.9891540130151844,0.9133858267716536,0.6467391304347826,0.9702127659574468,0.9206349206349206,0.8263888888888888,85
4,0.9241753911966677,0.9131652661064426,0.6305555555555555,0.9333333333333333,0.9193548387096774,0.7173252279635258,0.9801860816757989,0.9755309351841899,0.8120114738184739,0.9284210526315789,0.9344262295081968,0.6378378378378379,0.9382978723404255,0.9047619047619048,0.8194444444444444,94
5,0.9813427800269905,0.94984375,0.6361111111111111,0.9815817984832069,0.952,0.7160493827160493,0.9957335499445407,0.9838312235909317,0.6206150275580262,0.9956043956043956,0.9754098360655737,0.6444444444444445,0.967948717948718,0.9296875,0.8055555555555556,92
