Fold,Train_Accuracy,Val_Accuracy,Test_Accuracy,Train_F1,Val_F1,Test_F1,Train_AUCPR,Val_AUCPR,Test_AUCPR,Train_precision,Val_precision,Test_precision,Train_recall,Val_recall,Test_recall
1,0.9772727272727273,0.672979797979798,0.7941919191919191,0.9767441860465117,0.6315789473684211,0.7096774193548386,0.9993120833163376,0.8967351853623979,0.8012474954620334,1.0,0.9056603773584906,0.673469387755102,0.9545454545454546,0.48484848484848486,0.75
2,0.8964109176875135,0.7046176046176046,0.7297979797979798,0.8998628257887517,0.6490066225165563,0.6249999999999999,0.988749237561817,0.9312619119840533,0.7215032468251482,0.984984984984985,0.9423076923076923,0.5769230769230769,0.8282828282828283,0.494949494949495,0.6818181818181818
3,0.9161293788953363,0.7753246753246753,0.7588383838383839,0.9172320217096337,0.7636363636363637,0.6548672566371683,0.9934097790686218,0.9069750175477957,0.6162970023090202,0.9912023460410557,0.9545454545454546,0.5362318840579711,0.8535353535353535,0.6363636363636364,0.8409090909090909
4,0.8881098216204599,0.6626262626262627,0.7159090909090909,0.8804500703234881,0.6582278481012658,0.607843137254902,0.9837042716217685,0.9080330467038531,0.6738720508696303,0.9936507936507937,0.8813559322033898,0.5344827586206896,0.7904040404040404,0.5252525252525253,0.7045454545454546
5,0.9446862239415431,0.7197691197691198,0.7664141414141414,0.9441489361702128,0.6753246753246753,0.6739130434782609,0.9969855606075706,0.9174964875950158,0.6710051670429106,0.9971910112359551,0.9454545454545454,0.6458333333333334,0.8964646464646465,0.5252525252525253,0.7045454545454546
Average,0.9245218138835162,0.7070634920634921,0.753030303030303,0.9236876080077195,0.6755548913894565,0.6542601713450339,0.992432186435223,0.9121003298386231,0.6967849925017486,0.9934058271825579,0.9258648003739145,0.5933880881380346,0.8646464646464646,0.5333333333333334,0.7363636363636363
