Fold,Train_Accuracy,Val_Accuracy,Test_Accuracy,Train_F1,Val_F1,Test_F1,Train_AUCPR,Val_AUCPR,Test_AUCPR,Train_precision,Val_precision,Test_precision,Train_recall,Val_recall,Test_recall
1,0.9911616161616161,0.7184343434343434,0.7575757575757576,0.9910828025477708,0.7080745341614907,0.6545454545454545,0.9999622626683705,0.9196396736654783,0.7024599061436517,1.0,0.9193548387096774,0.5454545454545454,0.9823232323232324,0.5757575757575758,0.8181818181818182
2,0.9861111111111112,0.7660894660894662,0.7613636363636364,0.9859154929577464,0.7664670658682635,0.6603773584905661,0.9999617857317005,0.9314744801579771,0.6878593150150468,1.0,0.9411764705882353,0.5645161290322581,0.9722222222222222,0.6464646464646465,0.7954545454545454
3,0.9924242424242424,0.7274170274170275,0.7272727272727273,0.9923664122137404,0.7425149700598803,0.6213592233009708,1.0,0.9083617537297464,0.5914802122216082,1.0,0.9117647058823529,0.5423728813559322,0.9848484848484849,0.6262626262626263,0.7272727272727273
4,0.9898989898989898,0.7383838383838384,0.7512626262626263,0.989795918367347,0.7745664739884393,0.6481481481481481,0.999943813825827,0.9113397215137928,0.7114873263742005,1.0,0.9054054054054054,0.546875,0.9797979797979798,0.6767676767676768,0.7954545454545454
5,0.9861111111111112,0.6854256854256855,0.7525252525252526,0.9859154929577464,0.7471264367816093,0.6486486486486487,0.9995787378568572,0.8719268645262133,0.729652994450965,1.0,0.8666666666666667,0.5373134328358209,0.9722222222222222,0.6565656565656566,0.8181818181818182
Average,0.9891414141414142,0.7271500721500722,0.75,0.9890152238088701,0.7477498961719367,0.6466157666267576,0.999889320016551,0.9085484987186415,0.6845879508410945,1.0,0.9088736174504675,0.5473063977357112,0.9782828282828282,0.6363636363636365,0.7909090909090909
