Fold,Train_Accuracy,Val_Accuracy,Test_Accuracy,Train_F1,Val_F1,Test_F1,Train_AUCPR,Val_AUCPR,Test_AUCPR,Train_Precision,Val_Precision,Test_Precision,Train_Recall,Val_Recall,Test_Recall,Best_Epoch
1,0.8993920972644377,0.8956582633053222,0.5847222222222223,0.9028697571743929,0.9105058365758755,0.6351351351351351,0.9644324381586643,0.9606080021194656,0.7378611903947314,0.9380733944954128,0.8931297709923665,0.618421052631579,0.8702127659574468,0.9285714285714286,0.6527777777777778,97
2,0.9487616796127434,0.888422035480859,0.6354166666666667,0.9511400651465798,0.8934426229508197,0.7047619047619048,0.9862431495175833,0.961659691496352,0.7610218320253926,0.9711751662971175,0.923728813559322,0.6491228070175439,0.9319148936170213,0.8650793650793651,0.7708333333333334,98
3,0.8693177980412023,0.8629785247432307,0.6402777777777777,0.8656716417910447,0.8764940239043825,0.7051282051282052,0.9598260762256375,0.9427144457533927,0.8077272884542137,0.940149625935162,0.88,0.6547619047619048,0.8021276595744681,0.873015873015873,0.7638888888888888,99
4,0.9291511876618259,0.8886554621848739,0.5465277777777777,0.9340540540540541,0.9011857707509882,0.6188925081433225,0.9807631767628455,0.9672131972885237,0.7369067541016338,0.9494505494505494,0.8976377952755905,0.5828220858895705,0.9191489361702128,0.9047619047619048,0.6597222222222222,99
5,0.8325348627980207,0.79953125,0.6472222222222221,0.8485499462943072,0.8145161290322581,0.7261538461538461,0.9378930363523169,0.9048587897022532,0.8124606492697943,0.8531317494600432,0.8416666666666667,0.6519337016574586,0.844017094017094,0.7890625,0.8194444444444444,99
