Fold,Train_Accuracy,Val_Accuracy,Test_Accuracy,Train_F1,Val_F1,Test_F1,Train_AUCPR,Val_AUCPR,Test_AUCPR,Train_Precision,Val_Precision,Test_Precision,Train_Recall,Val_Recall,Test_Recall,Best_Epoch
1,0.8513171225937184,0.8480392156862746,0.5833333333333333,0.8513053348467651,0.8571428571428571,0.64,0.9500994020127551,0.945912044029799,0.788307044090027,0.9124087591240876,0.8823529411764706,0.6153846153846154,0.7978723404255319,0.8333333333333334,0.6666666666666666,73
2,0.8177924124732635,0.7875816993464052,0.6208333333333333,0.8071005917159764,0.7844827586206896,0.6428571428571429,0.9292511325214672,0.8925702443001925,0.7322262489266956,0.9093333333333333,0.8584905660377359,0.6617647058823529,0.725531914893617,0.7222222222222222,0.625,99
3,0.8027524484971293,0.7859477124183006,0.6784722222222223,0.8009205983889528,0.8,0.6953405017921147,0.9173635825703931,0.879052628239908,0.8245493950717533,0.8721804511278195,0.8235294117647058,0.7185185185185186,0.7404255319148936,0.7777777777777778,0.6736111111111112,95
4,0.8505685016323314,0.8606442577030813,0.59375,0.8549107142857143,0.8607594936708861,0.636986301369863,0.9346978964921537,0.9380232024395583,0.7859152341003819,0.8990610328638498,0.918918918918919,0.6283783783783784,0.8148936170212766,0.8095238095238095,0.6458333333333334,98
5,0.8127417903733694,0.75828125,0.6826388888888888,0.8145620022753128,0.768595041322314,0.7266666666666667,0.9298452401194686,0.8834981792980022,0.8083795506692586,0.8710462287104623,0.8157894736842105,0.6987179487179487,0.7649572649572649,0.7265625,0.7569444444444444,95
