Fold,Train_Accuracy,Val_Accuracy,Test_Accuracy,Train_F1,Val_F1,Test_F1,Train_AUCPR,Val_AUCPR,Test_AUCPR,Train_Precision,Val_Precision,Test_Precision,Train_Recall,Val_Recall,Test_Recall,Best_Epoch
1,0.9458572554317235,0.9171335200746965,0.5902777777777778,0.9491891891891892,0.9236947791164659,0.6790123456790124,0.9865836843373026,0.979985616706132,0.7695142813475699,0.9648351648351648,0.9349593495934959,0.6111111111111112,0.9340425531914893,0.9126984126984127,0.7638888888888888,96
2,0.817983789260385,0.7373949579831933,0.6152777777777778,0.851664984863774,0.7912087912087912,0.6918238993710691,0.942414024673677,0.8827565054048998,0.7599706887506799,0.8099808061420346,0.7346938775510204,0.632183908045977,0.8978723404255319,0.8571428571428571,0.7638888888888888,94
3,0.7515422717550377,0.7336601307189543,0.695138888888889,0.7473806752037253,0.7489711934156379,0.7054545454545454,0.899990946951691,0.8679395732011047,0.8291522956176278,0.8251928020565553,0.7777777777777778,0.7404580152671756,0.6829787234042554,0.7222222222222222,0.6736111111111112,34
4,0.9236294044804683,0.8641456582633054,0.6034722222222222,0.9319148936170213,0.8837209302325582,0.6833855799373041,0.9827616666755109,0.9622469682306674,0.8167434573298867,0.9319148936170213,0.8636363636363636,0.6228571428571429,0.9319148936170213,0.9047619047619048,0.7569444444444444,84
5,0.8981668915879442,0.81375,0.617361111111111,0.8922363847045192,0.7927927927927928,0.6710963455149501,0.9764734748465154,0.9448410553690054,0.768661691695615,0.9746835443037974,0.9361702127659575,0.643312101910828,0.8226495726495726,0.6875,0.7013888888888888,95
