fold,train_accuracy,train_f1_score,train_auc_pr,train_precision,train_recall,val_accuracy,val_f1_score,val_auc_pr,val_precision,val_recall,test_accuracy,test_f1_score,test_auc_pr,test_precision,test_recall
1,0.94992784992785,0.9526315789473685,0.9970709524473873,0.9945054945054945,0.9141414141414141,0.7651515151515151,0.8465608465608466,0.9372051540162591,0.8888888888888888,0.8080808080808081,0.7184343434343434,0.6119402985074627,0.8399735636024614,0.45555555555555555,0.9318181818181818
2,0.9489576617236192,0.9541284403669725,0.9969305812789875,0.9918256130790191,0.9191919191919192,0.7712842712842713,0.8586387434554974,0.9580528752400412,0.8913043478260869,0.8282828282828283,0.7234848484848484,0.6165413533834587,0.7949611950012798,0.4606741573033708,0.9318181818181818
3,0.9424027509133892,0.9442970822281167,0.9972980660458834,0.994413407821229,0.898989898989899,0.7393939393939394,0.8699999999999999,0.9239239144229784,0.8613861386138614,0.8787878787878788,0.6565656565656566,0.5594405594405594,0.8125125143633477,0.40404040404040403,0.9090909090909091
4,0.9464324091983667,0.9513797634691197,0.9968630094442719,0.9917808219178083,0.9141414141414141,0.7049062049062049,0.8426395939086294,0.950876577038673,0.8469387755102041,0.8383838383838383,0.6881313131313131,0.5857142857142857,0.7953321810791111,0.4270833333333333,0.9318181818181818
5,0.9436653771760155,0.9456953642384105,0.9974389435434661,0.9944289693593314,0.9015151515151515,0.7292929292929293,0.8585858585858586,0.9237941019670748,0.8585858585858586,0.8585858585858586,0.7032828282828283,0.5985401459854015,0.8435143688759711,0.44086021505376344,0.9318181818181818
average,0.9462772097878481,0.9496264458499976,0.9971203105519992,0.9933908613365764,0.9095959595959597,0.7420057720057721,0.8552850085021664,0.9387705245370054,0.8694208018849799,0.8424242424242424,0.697979797979798,0.5944353286062336,0.8172587645844341,0.4376427330572854,0.9272727272727271
