fold,train_accuracy,train_f1_score,train_auc_pr,train_precision,train_recall,val_accuracy,val_f1_score,val_auc_pr,val_precision,val_recall,test_accuracy,test_f1_score,test_auc_pr,test_precision,test_recall
1,1.0,1.0,1.0,1.0,1.0,0.7184343434343434,0.8272251308900523,0.8886401358410053,0.8586956521739131,0.797979797979798,0.6818181818181819,0.5714285714285714,0.5688935291809667,0.47058823529411764,0.7272727272727273
2,1.0,1.0,1.0,1.0,1.0,0.7275613275613275,0.8315789473684211,0.9311314603175715,0.8681318681318682,0.797979797979798,0.6767676767676768,0.5663716814159292,0.5959039415454077,0.463768115942029,0.7272727272727273
3,1.0,1.0,1.0,1.0,1.0,0.6275613275613275,0.8020304568527918,0.8883145467083008,0.8061224489795918,0.797979797979798,0.6994949494949495,0.591304347826087,0.6535007087349906,0.4788732394366197,0.7727272727272727
4,1.0,1.0,1.0,1.0,1.0,0.6317460317460317,0.7938144329896907,0.8716558343437032,0.8105263157894737,0.7777777777777778,0.7297979797979798,0.6238532110091743,0.6247488837265558,0.5230769230769231,0.7727272727272727
5,1.0,1.0,1.0,1.0,1.0,0.6855699855699855,0.8324873096446701,0.9064544212001537,0.8367346938775511,0.8282828282828283,0.7146464646464646,0.6060606060606061,0.6769381683306931,0.5454545454545454,0.6818181818181818
average,1.0,1.0,1.0,1.0,1.0,0.6781746031746032,0.8174272555491251,0.8972392796821469,0.8360421957904796,0.8,0.7005050505050504,0.5918036835480736,0.6239970463037228,0.496352211840847,0.7363636363636363
