Fold,Train_Accuracy,Val_Accuracy,Test_Accuracy,Train_F1,Val_F1,Test_F1,Train_AUCPR,Val_AUCPR,Test_AUCPR,Train_Precision,Val_Precision,Test_Precision,Train_Recall,Val_Recall,Test_Recall,Best_Epoch
1,1.0,0.9705882352941176,0.5229166666666667,1.0,0.9767441860465116,0.6491228070175439,1.0,0.9991998678876073,0.7210094001756719,1.0,0.9545454545454546,0.5606060606060606,1.0,1.0,0.7708333333333334,13
2,1.0,0.9645191409897292,0.6090277777777777,1.0,0.9682539682539683,0.6953846153846154,1.0,0.9983958812111235,0.7071418924311138,1.0,0.9682539682539683,0.6243093922651933,1.0,0.9682539682539683,0.7847222222222222,52
3,1.0,0.9754901960784313,0.6326388888888889,1.0,0.980544747081712,0.7245508982035929,0.9999999999999999,0.9649445956632408,0.7869006063924531,1.0,0.9618320610687023,0.6368421052631579,1.0,1.0,0.8402777777777778,83
4,1.0,0.9822595704948646,0.6513888888888889,1.0,0.9841269841269841,0.7156549520766773,1.0,0.9983542229383761,0.7498505483648724,1.0,0.9841269841269841,0.6627218934911243,1.0,0.9841269841269841,0.7777777777777778,44
5,1.0,0.984375,0.6131944444444444,1.0,0.9841269841269841,0.7104477611940299,1.0,0.998011276423392,0.6507396387207556,1.0,1.0,0.6230366492146597,1.0,0.96875,0.8263888888888888,40
