Phase,Final_RecLoss,Final_DCor
Train,0.5870570143063863,0.02309660832563342
Validation,0.7349714438120524,0.12412430832193949
Test,0.6133132902058688,0.015232906895590322
