Phase,Final_RecLoss,Final_DCor
Train,1.0123532083299425,0.013952351599292217
Validation,1.1234781742095947,0.15504877957423388
Test,1.0302773930809714,0.007424180283840147
