Fold,Train_Accuracy,Val_Accuracy,Test_Accuracy,Train_F1,Val_F1,Test_F1,Train_AUCPR,Val_AUCPR,Test_AUCPR,Train_Precision,Val_Precision,Test_Precision,Train_Recall,Val_Recall,Test_Recall,Best_Epoch
1,0.9893898457728245,0.9673202614379085,0.5527777777777778,0.9904153354632588,0.967479674796748,0.6133333333333333,0.9996082096696645,0.9970353193510105,0.7365423016787704,0.9914712153518124,0.9916666666666667,0.5897435897435898,0.9893617021276596,0.9444444444444444,0.6388888888888888,92
2,1.0,0.9813258636788049,0.6083333333333333,1.0,0.984251968503937,0.6972477064220184,1.0,0.9981297351308112,0.7483714621396936,1.0,0.9765625,0.6229508196721312,1.0,0.9920634920634921,0.7916666666666666,85
3,1.0,0.9705882352941176,0.6236111111111111,1.0,0.9767441860465116,0.709480122324159,1.0,0.9671484427486711,0.6590418794282835,1.0,0.9545454545454546,0.6338797814207651,1.0,1.0,0.8055555555555556,31
4,1.0,0.9675536881419233,0.6555555555555556,1.0,0.9725490196078431,0.7306501547987616,1.0,0.9957120874906542,0.7205603391810413,1.0,0.9612403100775194,0.659217877094972,1.0,0.9841269841269841,0.8194444444444444,43
5,0.9989316239316239,0.96546875,0.5902777777777778,0.9989304812834224,0.968503937007874,0.6925373134328359,1.0,0.9967886566758624,0.7376314607147882,1.0,0.9761904761904762,0.6073298429319371,0.9978632478632479,0.9609375,0.8055555555555556,91
