Fold,Train_Accuracy,Val_Accuracy,Test_Accuracy,Train_F1,Val_F1,Test_F1,Train_AUCPR,Val_AUCPR,Test_AUCPR,Train_Precision,Val_Precision,Test_Precision,Train_Recall,Val_Recall,Test_Recall,Best_Epoch
1,0.9774287965777327,0.9526143790849673,0.5826388888888889,0.978494623655914,0.9558232931726908,0.65814696485623,0.9978578732485623,0.9916309948753644,0.7033498983690052,0.9891304347826086,0.967479674796748,0.6094674556213018,0.9680851063829787,0.9444444444444444,0.7152777777777778,90
2,0.983783631655972,0.9318394024276377,0.6555555555555556,0.9838187702265372,0.9349593495934959,0.717948717948718,0.996723672439249,0.9821011659011001,0.7686390212897893,0.9978118161925602,0.9583333333333334,0.6666666666666666,0.9702127659574468,0.9126984126984127,0.7777777777777778,96
3,0.601823708206687,0.6027077497665733,0.5125000000000001,0.7548701298701299,0.7469135802469136,0.700507614213198,0.8908108471842271,0.8593252215342624,0.7195287343279404,0.610236220472441,0.6111111111111112,0.552,0.9893617021276596,0.9603174603174603,0.9583333333333334,87
4,0.9675954069571091,0.9358076563958917,0.6354166666666667,0.9685807150595883,0.9392712550607287,0.7047619047619048,0.993483477014276,0.9803996245947776,0.8374997325828151,0.9867549668874173,0.9586776859504132,0.6491228070175439,0.951063829787234,0.9206349206349206,0.7708333333333334,84
5,0.9739428699955015,0.94421875,0.6006944444444444,0.9751351351351352,0.9426229508196722,0.6772151898734177,0.996320452478577,0.9817037580425945,0.6878219055699384,0.986870897155361,0.9913793103448276,0.622093023255814,0.9636752136752137,0.8984375,0.7430555555555556,97
