Phase,Final_RecLoss,Final_DCor
Train,1.060173961851332,0.008083208412383153
Validation,1.171067237854004,0.07248451096883186
Test,1.0760731859640642,0.006811181216779592
