Fold,Train_Accuracy,Val_Accuracy,Test_Accuracy,Train_F1,Val_F1,Test_F1,Train_AUCPR,Val_AUCPR,Test_AUCPR,Train_Precision,Val_Precision,Test_Precision,Train_Recall,Val_Recall,Test_Recall,Best_Epoch
1,0.946375098502758,0.9229691876750701,0.6340277777777779,0.9489685124864278,0.926829268292683,0.6948051948051948,0.9916914682785218,0.9814049886203613,0.782654143882074,0.9689578713968958,0.95,0.6524390243902439,0.9297872340425531,0.9047619047619048,0.7430555555555556,96
2,0.9358493752110773,0.9031279178338002,0.6590277777777778,0.9440337909186906,0.9045643153526971,0.7086092715231788,0.9866643556570448,0.9633227983672948,0.8388627180322672,0.9371069182389937,0.9478260869565217,0.6772151898734177,0.951063829787234,0.8650793650793651,0.7430555555555556,97
3,0.9644039175954069,0.9082633053221288,0.6493055555555556,0.9652173913043478,0.9156626506024096,0.7210031347962382,0.9928700128718521,0.9568689455688085,0.794365049371188,0.9866666666666667,0.926829268292683,0.6571428571428571,0.9446808510638298,0.9047619047619048,0.7986111111111112,95
4,0.9511482607227288,0.9169000933706817,0.6083333333333334,0.9533116178067318,0.9166666666666666,0.6688524590163935,0.98918278199108,0.975705397109444,0.8215169490740686,0.9733924611973392,0.9649122807017544,0.6335403726708074,0.9340425531914893,0.873015873015873,0.7083333333333334,93
5,0.9396761133603239,0.8778125,0.6368055555555556,0.9366515837104072,0.8634361233480177,0.6866666666666666,0.9897701095231597,0.9638933829875806,0.6989229413251772,0.9951923076923077,0.98989898989899,0.6602564102564102,0.8846153846153846,0.765625,0.7152777777777778,98
