Fold,Train_Accuracy,Val_Accuracy,Test_Accuracy,Train_F1,Val_F1,Test_F1,Train_AUCPR,Val_AUCPR,Test_AUCPR,Train_Precision,Val_Precision,Test_Precision,Train_Recall,Val_Recall,Test_Recall,Best_Epoch
1,0.8181357649442755,0.8363678804855275,0.5395833333333333,0.8160919540229885,0.852589641434263,0.6098360655737705,0.9304192338602492,0.9285459896202934,0.7405994957789879,0.8875,0.856,0.577639751552795,0.7553191489361702,0.8492063492063492,0.6458333333333334,99
2,0.8048801080715975,0.7973856209150327,0.6229166666666667,0.8036739380022963,0.7913043478260869,0.635036496350365,0.8798829435972948,0.8566227137260167,0.6796750298736489,0.8728179551122195,0.875,0.6692307692307692,0.7446808510638298,0.7222222222222222,0.6041666666666666,92
3,0.7815321400427784,0.7397292250233427,0.6576388888888889,0.7797001153402537,0.7630522088353414,0.6983050847457627,0.8989731059104672,0.85900982326479,0.758996886051297,0.8513853904282116,0.7723577235772358,0.6821192052980133,0.7191489361702128,0.753968253968254,0.7152777777777778,92
4,0.6879432624113475,0.6956115779645191,0.6513888888888889,0.6472081218274112,0.6727272727272727,0.6153846153846154,0.8176850012922423,0.8108472362302984,0.6877142587747554,0.8018867924528302,0.7872340425531915,0.7378640776699029,0.5425531914893617,0.5873015873015873,0.5277777777777778,92
5,0.8057917228969861,0.735,0.6784722222222223,0.7708066581306018,0.6564102564102564,0.6422764227642277,0.924931914582054,0.8903332432886403,0.816248144273259,0.9616613418530351,0.9552238805970149,0.7745098039215687,0.6431623931623932,0.5,0.5486111111111112,76
