Fold,Train_Accuracy,Val_Accuracy,Test_Accuracy,Train_F1,Val_F1,Test_F1,Train_AUCPR,Val_AUCPR,Test_AUCPR,Train_Precision,Val_Precision,Test_Precision,Train_Recall,Val_Recall,Test_Recall,Best_Epoch
1,1.0,0.9733893557422969,0.6006944444444444,1.0,0.9761904761904762,0.691131498470948,1.0,0.9994397443164633,0.6366882681893535,1.0,0.9761904761904762,0.6174863387978142,1.0,0.9761904761904762,0.7847222222222222,24
2,1.0,0.9724556489262371,0.6381944444444444,1.0,0.9763779527559056,0.723404255319149,1.0,0.9984846482042468,0.6657446992594028,1.0,0.96875,0.6432432432432432,1.0,0.9841269841269841,0.8263888888888888,13
3,1.0,0.9803921568627452,0.6111111111111112,1.0,0.984375,0.7155425219941349,1.0,0.9718610945607039,0.8153828602975917,1.0,0.9692307692307692,0.6192893401015228,1.0,1.0,0.8472222222222222,36
4,1.0,0.9754901960784313,0.6138888888888889,1.0,0.980544747081712,0.6956521739130435,0.9999999999999998,0.9972124956451901,0.6380263337118777,1.0,0.9618320610687023,0.6292134831460674,1.0,1.0,0.7777777777777778,40
5,0.9976158344579398,0.98828125,0.6631944444444444,0.9978632478632479,0.9881422924901185,0.7243589743589743,0.9999954391578004,0.9973550453318217,0.8674351890472312,0.9978632478632479,1.0,0.6726190476190477,0.9978632478632479,0.9765625,0.7847222222222222,36
