Fold,Train_Accuracy,Val_Accuracy,Test_Accuracy,Train_F1,Val_F1,Test_F1,Train_AUCPR,Val_AUCPR,Test_AUCPR,Train_Precision,Val_Precision,Test_Precision,Train_Recall,Val_Recall,Test_Recall,Best_Epoch
1,1.0,1.0,0.6368055555555556,1.0,1.0,0.7267267267267268,1.0,0.9999999999999999,0.6911112992382122,1.0,1.0,0.6402116402116402,1.0,1.0,0.8402777777777778,32.0
2,0.9944219295283125,0.9880952380952381,0.6784722222222223,0.9946638207043756,0.9879518072289156,0.7492260061919505,0.9999174797563928,0.9970650217994093,0.7988759443558737,0.9978586723768736,1.0,0.6759776536312849,0.9914893617021276,0.9761904761904762,0.8402777777777778,67.0
3,1.0,0.9901960784313726,0.5944444444444444,1.0,0.9921259842519685,0.7072463768115942,1.0,0.9355652966860459,0.6144455726896128,1.0,0.984375,0.6069651741293532,1.0,1.0,0.8472222222222222,55.0
4,0.9976134188900146,1.0,0.6,0.997872340425532,1.0,0.7058823529411765,0.9999774178394114,1.0,0.7122037830546942,0.997872340425532,1.0,0.6122448979591837,0.997872340425532,1.0,0.8333333333333334,10.0
5,1.0,1.0,0.663888888888889,1.0,1.0,0.7225806451612903,0.9999999999999999,1.0,0.6280426871214551,1.0,1.0,0.6746987951807228,1.0,1.0,0.7777777777777778,22.0
Average,0.9984070696836653,0.9956582633053221,0.6347222222222223,0.9985072322259814,0.9960155582961768,0.7223324215665476,0.9999789795191608,0.986526063697091,0.6889358572919695,0.9991462025604811,0.996875,0.642019632222437,0.997872340425532,0.9952380952380953,0.8277777777777778,
