Phase,Final_RecLoss,Final_DCor
Train,0.9519264101982117,0.021408229177701778
Validation,1.0673489769299824,0.0889441784691852
Test,0.9675572189417753,0.013404779584946661
