Fold,Train_Accuracy,Val_Accuracy,Test_Accuracy,Train_F1,Val_F1,Test_F1,Train_AUCPR,Val_AUCPR,Test_AUCPR,Train_Precision,Val_Precision,Test_Precision,Train_Recall,Val_Recall,Test_Recall,Best_Epoch
1,0.9844510600635636,0.9345188861317894,0.5773809523809524,0.9861259338313767,0.9456066945606695,0.6708074534161491,0.9993822206655738,0.9892881219914436,0.7381763974558897,0.9871794871794872,0.9262295081967213,0.5934065934065934,0.9850746268656716,0.9658119658119658,0.7714285714285715,97.0
2,0.9823792090759143,0.9422387648194099,0.5892857142857143,0.9827213822894169,0.9422222222222222,0.6623376623376623,0.998972581572416,0.9858043743374132,0.7602173494215924,0.9956236323851203,0.9814814814814815,0.6071428571428571,0.9701492537313433,0.905982905982906,0.7285714285714285,92.0
3,0.9895602848292231,0.9421009098428452,0.5470238095238096,0.9903743315508021,0.9487179487179487,0.6606606606606606,0.9992370891852076,0.9936150906982544,0.7457980565481344,0.9935622317596566,0.9487179487179487,0.5699481865284974,0.9872068230277186,0.9487179487179487,0.7857142857142857,98.0
4,0.9734481232650762,0.9443065894678798,0.5880952380952381,0.976545842217484,0.9478260869565217,0.683076923076923,0.998297904039734,0.991816196297453,0.7239525442661807,0.976545842217484,0.9646017699115044,0.6,0.976545842217484,0.9316239316239316,0.7928571428571428,99.0
5,0.9740488006617039,0.9328481945467944,0.5952380952380952,0.9750812567713976,0.933920704845815,0.6751592356687898,0.9976689831638827,0.9841950932302775,0.7082473905190936,0.989010989010989,0.9724770642201835,0.6091954022988506,0.9615384615384616,0.8983050847457628,0.7571428571428571,93.0
Average,0.9807774955790961,0.9392026689617439,0.579404761904762,0.9821697493320954,0.9436587314606353,0.670408387032037,0.9987117557253627,0.9889437753109684,0.7352783476421781,0.9883844365105474,0.9587015545055678,0.5959386078753598,0.9761030014761358,0.930088367376503,0.7671428571428571,
