Fold,Train_Accuracy,Val_Accuracy,Test_Accuracy,Train_F1,Val_F1,Test_F1,Train_AUCPR,Val_AUCPR,Test_AUCPR,Train_Precision,Val_Precision,Test_Precision,Train_Recall,Val_Recall,Test_Recall,Best_Epoch
1,1.0,0.9841269841269842,0.6041666666666666,1.0,0.9838709677419355,0.6951219512195121,1.0,0.9942670016292636,0.661597524209762,1.0,1.0,0.6195652173913043,1.0,0.9682539682539683,0.7916666666666666,73.0
2,0.9954857593155466,0.9782913165266106,0.6638888888888889,0.9957356076759062,0.9800796812749004,0.735202492211838,0.9997286940230055,0.997384635278065,0.7682486624104665,0.9978632478632479,0.984,0.6666666666666666,0.9936170212765958,0.9761904761904762,0.8194444444444444,93.0
3,1.0,0.9626517273576096,0.6291666666666667,1.0,0.96875,0.7207207207207207,1.0,0.9182042657061166,0.56628088573849,1.0,0.9538461538461539,0.6349206349206349,1.0,0.9841269841269841,0.8333333333333334,98.0
4,0.9893617021276595,0.957516339869281,0.6861111111111111,0.989247311827957,0.9596774193548387,0.7435897435897436,0.9968406911213645,0.9925519130823437,0.7292630681072929,1.0,0.9754098360655737,0.6904761904761905,0.9787234042553191,0.9444444444444444,0.8055555555555556,89.0
5,0.9973684210526316,0.98828125,0.575,0.997867803837953,0.9881422924901185,0.6666666666666666,0.9987870451838217,0.9985110071034881,0.5967426339873061,0.9957446808510638,1.0,0.6,1.0,0.9765625,0.75,82.0
Average,0.9964431764991677,0.9741735235760972,0.6316666666666666,0.9965701446683634,0.9761040721723585,0.7122603148816962,0.9990712860656383,0.9801837645598553,0.6644265548906635,0.9987215857428623,0.9826511979823455,0.6423257418909593,0.994468085106383,0.9699156746031745,0.8,
