Fold,Train_Accuracy,Val_Accuracy,Test_Accuracy,Train_F1,Val_F1,Test_F1,Train_AUCPR,Val_AUCPR,Test_AUCPR,Train_Precision,Val_Precision,Test_Precision,Train_Recall,Val_Recall,Test_Recall,Best_Epoch
1,1.0,0.9626517273576096,0.6069444444444445,1.0,0.96875,0.7009063444108762,1.0,0.9959756590941199,0.7000322895446887,1.0,0.9538461538461539,0.6203208556149733,1.0,0.9841269841269841,0.8055555555555556,80
2,0.9880389508049082,0.9556489262371615,0.6354166666666666,0.9881847475832438,0.9603174603174603,0.7177914110429447,0.9978246619807429,0.9934820143722971,0.7720681157352142,0.9978308026030369,0.9603174603174603,0.6428571428571429,0.9787234042553191,0.9603174603174603,0.8125,72
3,0.909715186310931,0.8914565826330532,0.6125,0.9111111111111111,0.8987854251012146,0.6710526315789473,0.9754066793869032,0.936441085742949,0.7709245143675485,0.9534883720930233,0.9173553719008265,0.6375,0.8723404255319149,0.8809523809523809,0.7083333333333334,51
4,0.9699819880670945,0.9505135387488328,0.59375,0.9707475622968581,0.9508196721311475,0.6964285714285714,0.9963438057389942,0.9889197460345964,0.7309625243273011,0.9889624724061811,0.9830508474576272,0.609375,0.9531914893617022,0.9206349206349206,0.8125,96
5,0.986932073774179,0.95984375,0.60625,0.9870410367170627,0.9596774193548387,0.7027027027027027,0.9993279251210462,0.9935533121181358,0.6888099082700434,0.9978165938864629,0.9916666666666667,0.6190476190476191,0.9764957264957265,0.9296875,0.8125,97
