Phase,Final_RecLoss
Train,0.6020637220806546
Validation,0.7556358575820923
Test,0.6340303475206549
