Phase,Final_RecLoss
Train,0.7873236073387994
Validation,0.9150702158610026
Test,0.8109020807526328
