Fold,Train_Accuracy,Val_Accuracy,Test_Accuracy,Train_F1,Val_F1,Test_F1,Train_AUCPR,Val_AUCPR,Test_AUCPR,Train_Precision,Val_Precision,Test_Precision,Train_Recall,Val_Recall,Test_Recall,Best_Epoch
1,0.9978723404255319,0.9773576097105509,0.5291666666666667,0.997867803837953,0.9802371541501976,0.6447761194029851,0.9999375138897191,0.9981119596476384,0.6005789163049241,1.0,0.9763779527559056,0.5654450261780105,0.9957446808510638,0.9841269841269841,0.75,41
2,1.0,0.9773576097105509,0.6229166666666667,1.0,0.9802371541501976,0.6981132075471698,1.0,0.9923410230384604,0.6726160091326707,1.0,0.9763779527559056,0.6379310344827587,1.0,0.9841269841269841,0.7708333333333334,99
3,1.0,0.9754901960784313,0.6381944444444444,1.0,0.980544747081712,0.723404255319149,1.0,0.9643466906679689,0.7139498426717681,1.0,0.9618320610687023,0.6432432432432432,1.0,1.0,0.8263888888888888,84
4,1.0,0.9715219421101774,0.6395833333333334,1.0,0.9765625,0.72,1.0,0.9896802949906394,0.6420740692605292,1.0,0.9615384615384616,0.6464088397790055,1.0,0.9920634920634921,0.8125,38
5,1.0,0.98046875,0.5951388888888889,1.0,0.9800796812749004,0.6791277258566978,0.9999999999999999,0.9974160722156384,0.5246064769709824,1.0,1.0,0.615819209039548,1.0,0.9609375,0.7569444444444444,80
