Phase,Final_RecLoss,Final_DCor
Train,0.879232664903005,0.02738276711063119
Validation,1.0111360152562459,0.09972720151132022
Test,0.900904276154258,0.01898563332561082
