Phase,Final_RecLoss
Train,0.9660270743899875
Validation,1.088419238726298
Test,0.9844973520799116
