Fold,Train_Accuracy,Val_Accuracy,Test_Accuracy,Train_F1,Val_F1,Test_F1,Train_AUCPR,Val_AUCPR,Test_AUCPR,Train_Precision,Val_Precision,Test_Precision,Train_Recall,Val_Recall,Test_Recall
1,0.9861983564111223,0.9547152194211017,0.6381944444444445,0.9871794871794872,0.9606299212598425,0.6970684039087948,0.998925783388694,0.9846599397161437,0.6975208063211711,0.9914163090128756,0.953125,0.656441717791411,0.9829787234042553,0.9682539682539683,0.7430555555555556
2,0.9601485984464708,0.9012605042016806,0.5902777777777778,0.9606986899563319,0.9061224489795918,0.6142857142857143,0.9962855901903526,0.9760083519100088,0.67679378252937,0.9865470852017937,0.9327731092436975,0.6323529411764706,0.9361702127659575,0.8809523809523809,0.5972222222222222
3,0.9811381290104695,0.9084967320261438,0.6152777777777778,0.9817007534983854,0.9224806201550387,0.6775244299674267,0.9933382720291454,0.9491644018386769,0.6122211323739786,0.9934640522875817,0.9015151515151515,0.6380368098159509,0.9702127659574468,0.9444444444444444,0.7222222222222222
4,0.9612124282337048,0.9418767507002801,0.6111111111111112,0.9618320610687023,0.9486166007905138,0.6599326599326599,0.9943581884495271,0.9944938089318965,0.6521923936448624,0.9865771812080537,0.9448818897637795,0.6405228758169934,0.9382978723404255,0.9523809523809523,0.6805555555555556
5,0.920434098065677,0.84671875,0.6479166666666667,0.9206703910614525,0.8425531914893617,0.6492537313432836,0.9895160035769587,0.9528856645525916,0.7401018373989381,0.9648711943793911,0.9252336448598131,0.7016129032258065,0.8803418803418803,0.7734375,0.6041666666666666
Average,0.9618263220334888,0.9106135912698413,0.6205555555555556,0.962416276552872,0.9160805565348695,0.6596129878875758,0.9944847675269356,0.9714424333898635,0.6757659904536639,0.9845751644179392,0.9315057590764884,0.6537934495653265,0.941600290961993,0.9038938492063492,0.6694444444444444
