Fold,Train_Accuracy,Val_Accuracy,Test_Accuracy,Train_F1,Val_F1,Test_F1,Train_AUCPR,Val_AUCPR,Test_AUCPR,Train_Precision,Val_Precision,Test_Precision,Train_Recall,Val_Recall,Test_Recall,Best_Epoch
1,0.8081168831168831,0.73989898989899,0.6919191919191919,0.903387703889586,0.864321608040201,0.5818181818181818,0.9306073054202106,0.8705603415638817,0.6642168939109178,0.8977556109725686,0.86,0.48484848484848486,0.9090909090909091,0.8686868686868687,0.7272727272727273,140.0
2,0.8134536857941114,0.8174603174603174,0.7651515151515151,0.8349788434414669,0.850828729281768,0.6842105263157895,0.9494610988148264,0.9421024797757585,0.7360083222768202,0.9456869009584664,0.9390243902439024,0.8125,0.7474747474747475,0.7777777777777778,0.5909090909090909,20.0
3,0.8657586503331184,0.815007215007215,0.7765151515151516,0.8903924221921515,0.8854166666666666,0.6888888888888889,0.9648596292163262,0.908340152143766,0.6749575539056079,0.9591836734693877,0.9139784946236559,0.6739130434782609,0.8308080808080808,0.8585858585858586,0.7045454545454546,41.0
4,0.9021867612293144,0.7763347763347763,0.6742424242424243,0.9154362416107382,0.8645833333333334,0.5531914893617021,0.9789381744857579,0.8821717536574669,0.574363212328429,0.9770773638968482,0.8924731182795699,0.52,0.8611111111111112,0.8383838383838383,0.5909090909090909,142.0
5,0.956291639802278,0.7611832611832612,0.7424242424242424,0.9594771241830066,0.8465608465608465,0.6436781609195402,0.9932290626259415,0.9118496333008297,0.6839553388614783,0.994579945799458,0.8888888888888888,0.6511627906976745,0.9267676767676768,0.8080808080808081,0.6363636363636364,99.0
Average,0.869161524055141,0.7819769119769119,0.7300505050505052,0.9007344670633899,0.8623422367765631,0.6303574494608205,0.9634190541126125,0.9030048720883406,0.6667002642566506,0.9548566990193457,0.8988729784072035,0.6284848638048841,0.8550505050505051,0.8303030303030303,0.65,
