Fold,Train_Accuracy,Val_Accuracy,Test_Accuracy,Train_F1,Val_F1,Test_F1,Train_AUCPR,Val_AUCPR,Test_AUCPR,Train_Precision,Val_Precision,Test_Precision,Train_Recall,Val_Recall,Test_Recall,Best_Epoch
1,0.8782106782106782,0.7954545454545454,0.7613636363636364,0.8904109589041096,0.8333333333333334,0.675,0.9709987439449761,0.9241713150641178,0.7741100454114666,0.9730538922155688,0.9259259259259259,0.75,0.8207070707070707,0.7575757575757576,0.6136363636363636,90.0
2,0.7805179454115624,0.8174603174603174,0.7424242424242424,0.826629680998613,0.850828729281768,0.6436781609195402,0.9409980472649071,0.9483405950581538,0.683450050330092,0.916923076923077,0.9390243902439024,0.6511627906976745,0.7525252525252525,0.7777777777777778,0.6363636363636364,24.0
3,0.7667633784655061,0.8352092352092353,0.7436868686868687,0.8457446808510638,0.9081632653061225,0.6493506493506493,0.9526879092641876,0.9258676872722991,0.7736458743200145,0.8932584269662921,0.9175257731958762,0.7575757575757576,0.803030303030303,0.898989898989899,0.5681818181818182,36.0
4,0.9269019987105094,0.7578643578643578,0.76010101010101,0.9510309278350515,0.8673469387755102,0.6666666666666666,0.9865451786256889,0.9114722927370009,0.6841436696620982,0.9710526315789474,0.8762886597938144,0.6521739130434783,0.9318181818181818,0.8585858585858586,0.6818181818181818,104.0
5,0.9496830002149151,0.7486291486291486,0.7929292929292929,0.9625806451612903,0.8686868686868687,0.6990291262135923,0.9839937912539605,0.9173900594317845,0.7721122930923834,0.9841688654353562,0.8686868686868687,0.6101694915254238,0.9419191919191919,0.8686868686868687,0.8181818181818182,123.0
Average,0.8604154002026343,0.7909235209235209,0.76010101010101,0.8952793787500257,0.8656718270767205,0.6667449206300897,0.967044734070744,0.9254483899126711,0.7374923865632109,0.9476913786238483,0.9054903235692775,0.6842163905684668,0.85,0.8323232323232324,0.6636363636363637,
