Fold,Train_Accuracy,Val_Accuracy,Test_Accuracy,Train_F1,Val_F1,Test_F1,Train_AUCPR,Val_AUCPR,Test_AUCPR,Train_precision,Val_precision,Test_precision,Train_recall,Val_recall,Test_recall
1,0.9448773448773449,0.7323232323232323,0.7335858585858586,0.9470899470899472,0.7125000000000001,0.6285714285714287,0.9972571104492229,0.9214130325081529,0.6434895493082152,0.9944444444444445,0.9344262295081968,0.5409836065573771,0.9040404040404041,0.5757575757575758,0.75
2,0.9191919191919191,0.7122655122655123,0.7474747474747474,0.9120879120879121,0.7195121951219511,0.6464646464646464,0.9948158320448327,0.9091675155831953,0.6215698214070826,1.0,0.9076923076923077,0.5818181818181818,0.8383838383838383,0.5959595959595959,0.7272727272727273
3,0.9270094562647755,0.6852813852813853,0.7335858585858586,0.9241192411924121,0.6357615894039735,0.6304347826086956,0.994527213932167,0.896555117601191,0.6159331223632749,0.9970760233918129,0.9230769230769231,0.6041666666666666,0.8611111111111112,0.48484848484848486,0.6590909090909091
4,0.9659090909090908,0.65007215007215,0.7361111111111112,0.9647058823529412,0.6946107784431138,0.6306306306306306,0.9976926668534468,0.8686448735389442,0.6472531880472703,1.0,0.8529411764705882,0.5223880597014925,0.9318181818181818,0.5858585858585859,0.7954545454545454
5,0.9545454545454546,0.7425685425685427,0.7575757575757576,0.9523809523809523,0.764705882352941,0.6545454545454545,0.9974068652023174,0.9270520416653328,0.7238150776820172,1.0,0.9154929577464789,0.5454545454545454,0.9090909090909091,0.6565656565656566,0.8181818181818182
Average,0.942306653157717,0.7045021645021645,0.7416666666666666,0.9400767870208331,0.705418089064396,0.6381293885641712,0.9963399376963974,0.9045665161793632,0.6504121517615721,0.9983040935672515,0.906725918898899,0.5589622120396527,0.888888888888889,0.5797979797979798,0.75
