Fold,Train_Accuracy,Val_Accuracy,Test_Accuracy,Train_F1,Val_F1,Test_F1,Train_AUCPR,Val_AUCPR,Test_AUCPR,Train_Precision,Val_Precision,Test_Precision,Train_Recall,Val_Recall,Test_Recall,Best_Epoch
1,1.0,1.0,0.6201388888888889,1.0,1.0,0.7055214723926381,1.0,0.9999999999999999,0.7905973709113909,1.0,1.0,0.6318681318681318,1.0,1.0,0.7986111111111112,87.0
2,0.9891309242373072,0.9752567693744165,0.5993055555555555,0.9904357066950054,0.9758064516129032,0.6666666666666666,0.9966718602690039,0.9896255150109337,0.7389794112798382,0.9893842887473461,0.9918032786885246,0.6242424242424243,0.9914893617021276,0.9603174603174603,0.7152777777777778,51.0
3,0.9893898457728245,0.9586834733893557,0.5576388888888889,0.9904153354632588,0.9647058823529412,0.6606060606060606,0.9975949226799792,0.9326145312344096,0.7514769349496915,0.9914712153518124,0.9534883720930233,0.5860215053763441,0.9893617021276596,0.9761904761904762,0.7569444444444444,96.0
4,0.9471800067544749,0.9593837535014006,0.6458333333333333,0.9502164502164502,0.9590163934426229,0.7169811320754716,0.9873139518900509,0.9837079971681525,0.7383909366031601,0.9669603524229075,0.9915254237288136,0.6551724137931034,0.9340425531914893,0.9285714285714286,0.7916666666666666,43.0
5,0.9870107962213226,0.97328125,0.6006944444444444,0.9882352941176471,0.9765625,0.691131498470948,0.9900782230066456,0.9796429710081292,0.6540209267189875,0.9892933618843683,0.9765625,0.6174863387978142,0.9871794871794872,0.9765625,0.7847222222222222,95.0
Average,0.9825423145971858,0.9733210492530346,0.6047222222222223,0.9838605572984722,0.9752182454816936,0.6881813660423569,0.994331791569136,0.9771182028843249,0.7346931160926137,0.9874218436812869,0.9826759149020724,0.6229581628155636,0.9804146208401526,0.9683283730158732,0.7694444444444444,
