Fold,Train_Accuracy,Val_Accuracy,Test_Accuracy,Train_F1,Val_F1,Test_F1,Train_AUCPR,Val_AUCPR,Test_AUCPR,Train_Precision,Val_Precision,Test_Precision,Train_Recall,Val_Recall,Test_Recall
1,1.0,0.9862278244631186,0.6194444444444445,1.0,0.9881422924901185,0.7073170731707317,1.0,0.9994944901000781,0.6651538840766126,1.0,0.984251968503937,0.6304347826086957,1.0,0.9920634920634921,0.8055555555555556
2,0.9946808510638299,0.9773576097105509,0.6041666666666666,0.9946524064171123,0.9802371541501976,0.6951219512195121,0.9993786042098687,0.9914451272328335,0.7033541100114487,1.0,0.9763779527559056,0.6195652173913043,0.9893617021276596,0.9841269841269841,0.7916666666666666
3,0.9907125970955759,0.9754901960784313,0.5576388888888889,0.9914712153518124,0.980544747081712,0.6298701298701299,0.9975806509463457,0.9844682189427872,0.7269525318511214,0.9935897435897436,0.9618320610687023,0.5914634146341463,0.9893617021276596,1.0,0.6736111111111112
4,0.9349318923787009,0.842203548085901,0.6520833333333333,0.9361233480176211,0.8548387096774194,0.7267080745341615,0.9880153684214033,0.9618407066303107,0.6542717801432141,0.9703196347031964,0.8688524590163934,0.6573033707865169,0.9042553191489362,0.8412698412698413,0.8125
5,0.9665429599640126,0.93703125,0.6055555555555556,0.9687162891046386,0.9397590361445783,0.691358024691358,0.9856444836320162,0.9717053085797176,0.7537710561155229,0.9782135076252724,0.9669421487603306,0.6222222222222222,0.9594017094017094,0.9140625,0.7777777777777778
Average,0.9773736601004238,0.9436620856676005,0.6077777777777779,0.9781926517782369,0.9487043879088052,0.6900750506971787,0.9941238214419267,0.9817907702971453,0.700700672439584,0.9884245771836426,0.9516513180210537,0.6241978015285771,0.968476086561193,0.9463045634920636,0.7722222222222223
