Fold,Train_Accuracy,Val_Accuracy,Test_Accuracy,Train_F1,Val_F1,Test_F1,Train_AUCPR,Val_AUCPR,Test_AUCPR,Train_Precision,Val_Precision,Test_Precision,Train_Recall,Val_Recall,Test_Recall,Best_Epoch
1,0.9989361702127659,0.9862278244631186,0.6298611111111111,0.9989350372736954,0.9881422924901185,0.7190332326283988,1.0,0.9993051412849708,0.6643992661751918,1.0,0.984251968503937,0.6363636363636364,0.997872340425532,0.9920634920634921,0.8263888888888888,96.0
2,0.9946808510638299,0.9773576097105509,0.6041666666666666,0.9946524064171123,0.9802371541501976,0.6951219512195121,0.9993786042098687,0.9914451272328335,0.7033541100114487,1.0,0.9763779527559056,0.6195652173913043,0.9893617021276596,0.9841269841269841,0.7916666666666666,99.0
3,0.9907125970955759,0.9754901960784313,0.5576388888888889,0.9914712153518124,0.980544747081712,0.6298701298701299,0.9975806509463457,0.9844682189427872,0.7269525318511214,0.9935897435897436,0.9618320610687023,0.5914634146341463,0.9893617021276596,1.0,0.6736111111111112,99.0
4,0.9883260159855904,0.9722222222222222,0.6229166666666667,0.9893390191897654,0.9714285714285714,0.6840390879478827,0.9963498560919519,0.994563270970318,0.7487787656637258,0.9914529914529915,1.0,0.6441717791411042,0.9872340425531915,0.9444444444444444,0.7291666666666666,79.0
5,0.9665429599640126,0.93703125,0.6055555555555556,0.9687162891046386,0.9397590361445783,0.691358024691358,0.9856444836320162,0.9717053085797176,0.7537710561155229,0.9782135076252724,0.9669421487603306,0.6222222222222222,0.9594017094017094,0.9140625,0.7777777777777778,99.0
Average,0.9878397188643551,0.9696658204948647,0.6040277777777778,0.9886227934674048,0.9720223602590355,0.6838844852714563,0.9957907189760364,0.9882974134021254,0.7194511459634021,0.9926512485336015,0.9778808262177752,0.6227572539504826,0.9846462993271505,0.9669394841269842,0.7597222222222222,
