Fold,Train_Accuracy,Val_Accuracy,Test_Accuracy,Train_F1,Val_F1,Test_F1,Train_AUCPR,Val_AUCPR,Test_AUCPR,Train_Precision,Val_Precision,Test_Precision,Train_Recall,Val_Recall,Test_Recall
1,0.9881143162393162,0.7305161943319838,0.775,0.9903147699757869,0.8557692307692307,0.6792452830188679,0.9990051337533896,0.8794373604383752,0.7488261206749205,0.9975609756097561,0.8557692307692307,0.6206896551724138,0.9831730769230769,0.8557692307692307,0.75
2,0.9765048735511064,0.7702991452991452,0.7464015151515151,0.9830097087378641,0.8669950738916257,0.6422018348623854,0.9919411088508121,0.9354193686753163,0.673224675252664,0.9926470588235294,0.8888888888888888,0.5737704918032787,0.9735576923076923,0.8461538461538461,0.7291666666666666
3,0.9552324815595363,0.8012820512820513,0.7365530303030303,0.9656019656019657,0.8421052631578947,0.6326530612244898,0.9934782545673027,0.9504122300289055,0.6656043303033681,0.9874371859296482,0.9302325581395349,0.62,0.9447115384615384,0.7692307692307693,0.6458333333333334
4,0.9555947049525817,0.7238247863247864,0.7346590909090909,0.9708029197080292,0.848780487804878,0.6285714285714286,0.9960390329020323,0.8981125661027773,0.635042359471063,0.9827586206896551,0.8613861386138614,0.5789473684210527,0.9591346153846154,0.8365384615384616,0.6875
5,0.8389587723919916,0.7318376068376069,0.6831439393939394,0.8748387096774194,0.8205128205128205,0.5555555555555556,0.9715334213366977,0.9014707948449483,0.6288522143957995,0.9442896935933147,0.8791208791208791,0.5952380952380952,0.8149038461538461,0.7692307692307693,0.5208333333333334
Average,0.9428810297389065,0.7515519568151148,0.7351515151515151,0.956913614740213,0.8468325752272898,0.6276454326465455,0.9903993902820469,0.9129704640180645,0.670309940019563,0.9809387069291808,0.883079539106479,0.597729122126968,0.9350961538461539,0.8153846153846155,0.6666666666666667
