Fold,Train_Accuracy,Val_Accuracy,Test_Accuracy,Train_F1,Val_F1,Test_F1,Train_AUCPR,Val_AUCPR,Test_AUCPR,Train_precision,Val_precision,Test_precision,Train_recall,Val_recall,Test_recall
1,0.9583333333333333,0.6780303030303031,0.7462121212121212,0.9565217391304348,0.6405228758169934,0.6458333333333334,0.9978731315878421,0.9074696944139913,0.6972339140040751,1.0,0.9074074074074074,0.5961538461538461,0.9166666666666666,0.494949494949495,0.7045454545454546
2,0.968676122931442,0.7643578643578643,0.7348484848484849,0.9701686121919584,0.729559748427673,0.6296296296296297,0.9990098732624011,0.9339508784292246,0.7169915754131776,0.9973333333333333,0.9666666666666667,0.53125,0.9444444444444444,0.5858585858585859,0.7727272727272727
3,0.9482323232323233,0.7366522366522366,0.7398989898989898,0.9454061251664447,0.7393939393939395,0.6382978723404256,0.9971814537963543,0.8846318578030823,0.6677508491962437,1.0,0.9242424242424242,0.6,0.8964646464646465,0.6161616161616161,0.6818181818181818
4,0.9835858585858586,0.6542568542568543,0.7133838383838385,0.9833119383825417,0.6829268292682926,0.6055045871559633,0.9997021523510972,0.884388753262362,0.5614911477506442,1.0,0.8615384615384616,0.5076923076923077,0.9671717171717171,0.5656565656565656,0.75
5,0.9053030303030303,0.654978354978355,0.7247474747474747,0.895397489539749,0.5793103448275863,0.6185567010309277,0.9929762474084304,0.9083454191874545,0.6608063321249952,1.0,0.9130434782608695,0.5660377358490566,0.8106060606060606,0.42424242424242425,0.6818181818181818
Average,0.9528261336771976,0.6976551226551228,0.7318181818181818,0.9501611808822258,0.6743427475468969,0.627564424698056,0.997348571681225,0.903757320619223,0.6608547636978271,0.9994666666666667,0.9145796876231659,0.5602267779390421,0.9070707070707071,0.5373737373737374,0.7181818181818181
