Fold,Train_Accuracy,Val_Accuracy,Test_Accuracy,Train_F1,Val_F1,Test_F1,Train_AUCPR,Val_AUCPR,Test_AUCPR,Train_Precision,Val_Precision,Test_Precision,Train_Recall,Val_Recall,Test_Recall
1,0.9875211077338737,0.923202614379085,0.6194444444444445,0.9882352941176471,0.9333333333333333,0.694006309148265,0.998784238340898,0.9832477469959177,0.6737817785975257,0.9935483870967742,0.9224806201550387,0.6358381502890174,0.9829787234042553,0.9444444444444444,0.7638888888888888
2,0.9792975346166835,0.9119981325863679,0.5798611111111112,0.9807280513918629,0.9128630705394191,0.5789473684210527,0.998969848656734,0.984873531435534,0.62353376844358,0.9870689655172413,0.9565217391304348,0.6311475409836066,0.9744680851063829,0.873015873015873,0.5347222222222222
3,0.9610097939885174,0.923202614379085,0.61875,0.9647812166488794,0.9333333333333333,0.6959247648902821,0.9938293136236831,0.975495708053126,0.6801452870761566,0.9678800856531049,0.9224806201550387,0.6342857142857142,0.9617021276595744,0.9444444444444444,0.7708333333333334
4,0.9343239896431386,0.8772175536881419,0.5868055555555556,0.9462809917355371,0.9029850746268657,0.7134831460674157,0.9945101490324232,0.9811493295183475,0.7170969453840936,0.9196787148594378,0.852112676056338,0.5990566037735849,0.9744680851063829,0.9603174603174603,0.8819444444444444
5,0.952237966711651,0.8790625000000001,0.6215277777777777,0.9557713052858684,0.8796680497925311,0.6733333333333333,0.9923235372226767,0.9573059180920935,0.6705767332040545,0.9651416122004357,0.9380530973451328,0.6474358974358975,0.9465811965811965,0.828125,0.7013888888888888
Average,0.9628780785387729,0.902936683006536,0.6052777777777777,0.9671593718359588,0.9124365723250965,0.6711389843720698,0.995683417375283,0.9764144468190038,0.6730269025410821,0.9666635530653988,0.9183297505683965,0.6295527813535642,0.9680396435715585,0.9100694444444445,0.7305555555555556
