Fold,Train_Accuracy,Val_Accuracy,Test_Accuracy,Train_F1,Val_F1,Test_F1,Train_AUCPR,Val_AUCPR,Test_AUCPR,Train_Precision,Val_Precision,Test_Precision,Train_Recall,Val_Recall,Test_Recall,Best_Epoch
1,0.9160894660894661,0.8143939393939394,0.7436868686868687,0.9342105263157895,0.8444444444444444,0.6444444444444445,0.9748547372550462,0.9070445662510307,0.6323778863653594,0.9752747252747253,0.9382716049382716,0.6304347826086957,0.8964646464646465,0.7676767676767676,0.6590909090909091,51.0
2,0.8439447668171072,0.8073593073593073,0.7121212121212122,0.8915343915343915,0.8379888268156425,0.6,0.9651065168690666,0.9404044234250298,0.6411716243956224,0.9361111111111111,0.9375,0.6666666666666666,0.851010101010101,0.7575757575757576,0.5454545454545454,35.0
3,0.8554695895121427,0.8528138528138528,0.7361111111111112,0.8587570621468926,0.8936170212765957,0.6352941176470588,0.962954026754825,0.9596624462262084,0.7284193553669531,0.9743589743589743,0.9438202247191011,0.6585365853658537,0.7676767676767676,0.8484848484848485,0.6136363636363636,41.0
4,0.8862561788093704,0.8031746031746032,0.7487373737373737,0.9027027027027027,0.8461538461538461,0.6578947368421053,0.9689416800833843,0.9011350460981734,0.7004087186714333,0.9709302325581395,0.927710843373494,0.78125,0.8434343434343434,0.7777777777777778,0.5681818181818182,30.0
5,0.8975123576187406,0.740981240981241,0.7714646464646464,0.9428208386277002,0.8216216216216217,0.6923076923076923,0.914941029499152,0.8731617228542422,0.7412311740823707,0.948849104859335,0.8837209302325582,0.7941176470588235,0.9368686868686869,0.7676767676767676,0.6136363636363636,55.0
Average,0.8798544717693654,0.8037445887445888,0.7424242424242424,0.9060051042654953,0.8487651520624301,0.6459881982482601,0.9573595980922948,0.9162816409709368,0.6887217517763478,0.961104829632457,0.926204720652685,0.7062011363400079,0.859090909090909,0.7838383838383838,0.6000000000000001,
