Fold,Train_Accuracy,Val_Accuracy,Test_Accuracy,Train_F1,Val_F1,Test_F1,Train_AUCPR,Val_AUCPR,Test_AUCPR,Train_Precision,Val_Precision,Test_Precision,Train_Recall,Val_Recall,Test_Recall,Best_Epoch
1,0.9648629148629149,0.7929292929292929,0.7474747474747474,0.9661458333333334,0.8556149732620321,0.6464646464646465,0.9923579420255568,0.9252993164654644,0.6979137045204001,0.9973118279569892,0.9090909090909091,0.5818181818181818,0.9368686868686869,0.8080808080808081,0.7272727272727273,143.0
2,0.9372985170857511,0.8049062049062049,0.755050505050505,0.951885565669701,0.8736842105263158,0.6593406593406593,0.9794621955158349,0.9486873104543072,0.7180177627980091,0.9812332439678284,0.9120879120879121,0.6382978723404256,0.9242424242424242,0.8383838383838383,0.6818181818181818,93.0
3,0.9898989898989898,0.8554112554112554,0.7588383838383839,0.9897959183673469,0.93,0.66,0.9973725359705383,0.9331231838663354,0.589110148642963,1.0,0.9207920792079208,0.5892857142857143,0.9797979797979798,0.9393939393939394,0.75,147.0
4,0.8331184182248013,0.7704184704184704,0.7095959595959596,0.8695652173913043,0.8449197860962567,0.5977011494252874,0.9490084759834785,0.9019763385345155,0.5933626911056349,0.9411764705882353,0.8977272727272727,0.6046511627906976,0.8080808080808081,0.797979797979798,0.5909090909090909,38.0
5,0.945411562432839,0.7334776334776334,0.7840909090909092,0.9528795811518325,0.8512820512820513,0.6947368421052632,0.9721574633756602,0.868978875797295,0.6956033645597496,0.9891304347826086,0.8645833333333334,0.6470588235294118,0.9191919191919192,0.8383838383838383,0.75,149.0
Average,0.9341180805010592,0.7914285714285715,0.751010101010101,0.9460544231827036,0.8711002042333311,0.6516486594671713,0.9780717225742137,0.9156130050235836,0.6588015343253514,0.9817703954591324,0.9008563012894696,0.6122223509528862,0.9136363636363637,0.8444444444444444,0.7,
