Fold,Train_Accuracy,Val_Accuracy,Test_Accuracy,Train_F1,Val_F1,Test_F1,Train_AUCPR,Val_AUCPR,Test_AUCPR,Train_Precision,Val_Precision,Test_Precision,Train_Recall,Val_Recall,Test_Recall,Best_Epoch
1,1.0,0.9831932773109244,0.6034722222222222,1.0,0.984,0.696969696969697,1.0,0.9968680216696291,0.6538447623337291,1.0,0.9919354838709677,0.6182795698924731,1.0,0.9761904761904762,0.7986111111111112,80
2,1.0,0.9675536881419233,0.60625,1.0,0.9725490196078431,0.6894409937888198,1.0,0.9969970737080047,0.6749948517765407,1.0,0.9612403100775194,0.6235955056179775,1.0,0.9841269841269841,0.7708333333333334,88
3,0.9978723404255319,0.9675536881419233,0.6305555555555555,0.997867803837953,0.9725490196078431,0.7173252279635258,0.9999909749227269,0.9877105266211056,0.7361653179349326,1.0,0.9612403100775194,0.6378378378378379,0.9957446808510638,0.9841269841269841,0.8194444444444444,98
4,0.9962906675672634,0.9675536881419233,0.5722222222222222,0.9968119022316685,0.9725490196078431,0.6746987951807228,0.999198802446628,0.9974168608430587,0.6639779381644483,0.9957537154989384,0.9612403100775194,0.5957446808510638,0.997872340425532,0.9841269841269841,0.7777777777777778,92
5,0.9914529914529915,0.96375,0.5798611111111112,0.9913793103448276,0.963855421686747,0.6666666666666666,0.9997128781606534,0.9908228944655548,0.7168009902664263,1.0,0.9917355371900827,0.6045197740112994,0.9829059829059829,0.9375,0.7430555555555556,83
