Fold,Train_Accuracy,Val_Accuracy,Test_Accuracy,Train_F1,Val_F1,Test_F1,Train_AUCPR,Val_AUCPR,Test_AUCPR,Train_Precision,Val_Precision,Test_Precision,Train_Recall,Val_Recall,Test_Recall,Best_Epoch
1,1.0,0.9733893557422969,0.6222222222222222,1.0,0.9761904761904762,0.7129909365558912,1.0,0.9989641522421983,0.7269398665476077,1.0,0.9761904761904762,0.6310160427807486,1.0,0.9761904761904762,0.8194444444444444,67
2,1.0,0.9911297852474323,0.6347222222222222,1.0,0.9920634920634921,0.7066246056782335,1.0,0.9995586677061064,0.6836581821804911,1.0,0.9920634920634921,0.6473988439306358,1.0,0.9920634920634921,0.7777777777777778,43
3,0.9976134188900146,0.9754901960784313,0.6361111111111111,0.997872340425532,0.980544747081712,0.7283582089552239,0.9999467600582211,0.9476850720245258,0.673347308229373,0.997872340425532,0.9618320610687023,0.6387434554973822,0.997872340425532,1.0,0.8472222222222222,45
4,0.987003264662839,0.9507469654528478,0.6604166666666667,0.9882854100106496,0.9565217391304348,0.7046979865771812,0.9993927991068888,0.995128800209941,0.811891077275133,0.9893390191897654,0.952755905511811,0.6818181818181818,0.9872340425531915,0.9603174603174603,0.7291666666666666,27
5,1.0,0.98046875,0.6520833333333333,1.0,0.9800796812749004,0.7267080745341615,0.9999999999999999,0.9927718964435592,0.6697286613325882,1.0,1.0,0.6573033707865169,1.0,0.9609375,0.8125,52
