Fold,Train_Accuracy,Val_Accuracy,Test_Accuracy,Train_F1,Val_F1,Test_F1,Train_AUCPR,Val_AUCPR,Test_AUCPR,Train_Precision,Val_Precision,Test_Precision,Train_Recall,Val_Recall,Test_Recall,Best_Epoch
1,0.9989361702127659,0.9920634920634921,0.6451388888888889,0.9989350372736954,0.992,0.7055016181229773,0.999995477870399,0.9976722708536332,0.7048791992736816,1.0,1.0,0.6606060606060606,0.997872340425532,0.9841269841269841,0.7569444444444444,16.0
2,1.0,0.9911297852474323,0.6888888888888889,1.0,0.9920634920634921,0.7492063492063492,1.0,0.998981577185134,0.6663712400959061,1.0,0.9920634920634921,0.6900584795321637,1.0,0.9920634920634921,0.8194444444444444,82.0
3,0.9885849375211078,0.9803921568627452,0.6840277777777777,0.9893162393162394,0.984375,0.7484276729559748,0.9997549795618134,0.993179237576409,0.7037603758754363,0.9935622317596566,0.9692307692307692,0.6839080459770115,0.9851063829787234,1.0,0.8263888888888888,33.0
4,0.9941630079927952,0.9901960784313726,0.5861111111111111,0.9946751863684771,0.9921259842519685,0.6904761904761905,0.9998945865671932,0.9996220111411744,0.6433291053176082,0.9957356076759062,0.984375,0.6041666666666666,0.9936170212765958,1.0,0.8055555555555556,83.0
5,0.9944107062528116,0.99609375,0.5958333333333333,0.9946409431939979,0.996078431372549,0.7159090909090909,0.999972487768712,0.9968312764888068,0.5248000718530443,0.9978494623655914,1.0,0.6057692307692307,0.9914529914529915,0.9921875,0.875,58.0
Average,0.995218964395896,0.9899750525210085,0.64,0.995513481230482,0.991328581537602,0.7219041843341165,0.9999235063536235,0.9972572746490315,0.6486279984831353,0.9974294603602308,0.9891338522588523,0.6489016967102267,0.9936097472267684,0.9936755952380952,0.8166666666666667,
