{
    "accuracies": [
        0.855327468230694,
        0.828005115089514,
        0.8558184143222507,
        0.8062659846547314,
        0.8721227621483376
    ],
    "aucs": [
        0.9159335288367546,
        0.9245524296675192,
        0.936381074168798,
        0.8861892583120204,
        0.9629156010230179
    ],
    "f1s": [
        0.7714285714285715,
        0.7428571428571428,
        0.7631578947368423,
        0.7027027027027027,
        0.7945205479452054
    ]
}