{
    "accuracies": [
        0.680248877245509,
        0.7338604041916168,
        0.688435628742515,
        0.671500748502994,
        0.6389408682634731
    ],
    "aucs": [
        0.7032185628742516,
        0.8640531437125748,
        0.765250748502994,
        0.8462761976047904,
        0.7324101796407185
    ],
    "f1_scores": [
        0.7590759075907592,
        0.8907563025210085,
        0.8217522658610271,
        0.8414985590778098,
        0.8547945205479452
    ],
    "average_accuracy": 0.6825973053892216,
    "std_accuracy": 0.030648081539932134,
    "average_auc": 0.7822417664670658,
    "std_auc": 0.06294451248694767,
    "average_f1_score": 0.8335755111197098,
    "std_f1_score": 0.04352618524465135
}