{
    "accuracies": [
        0.8499511241446726,
        0.8334398976982097,
        0.8411125319693095,
        0.8008312020460358,
        0.8427109974424551
    ],
    "aucs": [
        0.8921472792440533,
        0.9379795396419438,
        0.895460358056266,
        0.8785166240409207,
        0.938618925831202
    ],
    "f1s": [
        0.7605633802816901,
        0.7536231884057971,
        0.7466666666666667,
        0.6933333333333332,
        0.7605633802816901
    ]
}