Fold,Train_Accuracy,Val_Accuracy,Test_Accuracy,Train_F1,Val_F1,Test_F1,Train_AUCPR,Val_AUCPR,Test_AUCPR,Train_Precision,Val_Precision,Test_Precision,Train_Recall,Val_Recall,Test_Recall,Best_Epoch
1,0.8464646464646465,0.7803030303030303,0.8169191919191919,0.8674033149171271,0.8135593220338984,0.7560975609756098,0.9719386126201226,0.9454086394580521,0.8066624550112218,0.9573170731707317,0.9230769230769231,0.8157894736842105,0.7929292929292929,0.7272727272727273,0.7045454545454546,5.0
2,0.8472490866107887,0.7847041847041847,0.8169191919191918,0.8894806924101198,0.8494623655913979,0.7368421052631579,0.9711710919523957,0.9516345101982743,0.7483492376513843,0.9408450704225352,0.9080459770114943,0.6862745098039216,0.8434343434343434,0.797979797979798,0.7954545454545454,4.0
3,0.8371480765097786,0.7721500721500721,0.7727272727272727,0.8775235531628532,0.8717948717948718,0.6808510638297872,0.9751675462731906,0.9370574568667818,0.7741852922177129,0.9394812680115274,0.8854166666666666,0.64,0.8232323232323232,0.8585858585858586,0.7272727272727273,4.0
4,0.9582796045562003,0.767965367965368,0.803030303030303,0.9691516709511568,0.8787878787878788,0.7128712871287128,0.9972972345596015,0.9462667185735136,0.7498452351584172,0.9869109947643979,0.8787878787878788,0.631578947368421,0.952020202020202,0.8787878787878788,0.8181818181818182,12.0
5,0.9003868471953578,0.7191919191919192,0.8131313131313131,0.9218543046357616,0.8469387755102041,0.7441860465116279,0.9865030230231391,0.9098317879548168,0.8210292209257573,0.9693593314763231,0.8556701030927835,0.7619047619047619,0.8787878787878788,0.8383838383838383,0.7272727272727273,6.0
Average,0.8779056522673544,0.7648629148629149,0.8045454545454545,0.9050827072154037,0.8521086427436503,0.7261696127417792,0.9804155016856899,0.9380398226102878,0.7800142881928988,0.9587827475691031,0.8901995097271491,0.707109538552263,0.858080808080808,0.8202020202020203,0.7545454545454546,
