Fold,Train_Accuracy,Val_Accuracy,Test_Accuracy,Train_F1,Val_F1,Test_F1,Train_AUCPR,Val_AUCPR,Test_AUCPR,Train_Precision,Val_Precision,Test_Precision,Train_Recall,Val_Recall,Test_Recall
1,1.0,0.9779216774591428,0.5927037635649965,1.0,0.9784172661870504,0.6418918918918919,1.0,0.9991742832437431,0.7337549846587453,1.0,0.9927007299270073,0.6168831168831169,1.0,0.9645390070921985,0.6690140845070423
2,1.0,0.990990990990991,0.6701108289078734,1.0,0.9931506849315068,0.7213114754098361,1.0,1.0,0.7664545119286312,1.0,0.9863945578231292,0.6748466257668712,1.0,1.0,0.7746478873239436
3,0.998759305210918,0.9824561403508771,0.613195566843685,0.9990186457311089,0.9861111111111112,0.6529209621993127,1.0,0.9991154558245169,0.7457664997219047,0.9980392156862745,0.9726027397260274,0.6375838926174496,1.0,1.0,0.6690140845070423
4,1.0,1.0,0.6694758716231817,1.0,1.0,0.7074829931972789,1.0,1.0,0.7776151344022475,1.0,1.0,0.6842105263157895,1.0,1.0,0.7323943661971831
5,1.0,0.9748058403230817,0.6841953359501269,1.0,0.9754385964912281,0.7378640776699029,1.0,0.9945681886092184,0.7636357963561736,1.0,0.9928571428571429,0.6826347305389222,1.0,0.9586206896551724,0.8028169014084507
Average,0.9997518610421835,0.9852349298248185,0.6459362733779728,0.9998037291462218,0.9866235317441794,0.6922942800736445,1.0,0.9985715855354957,0.7574453854135405,0.9996078431372549,0.9889110340666614,0.6592317784244299,1.0,0.9846319393494742,0.7295774647887324
