Fold,Train_Accuracy,Val_Accuracy,Test_Accuracy,Train_F1,Val_F1,Test_F1,Train_AUCPR,Val_AUCPR,Test_AUCPR,Train_precision,Val_precision,Test_precision,Train_recall,Val_recall,Test_recall
1,0.9444444444444444,0.7058080808080808,0.678030303030303,0.9411764705882353,0.6490066225165563,0.5555555555555556,0.9984053395736459,0.9012905137286894,0.5327872681375323,1.0,0.9423076923076923,0.5434782608695652,0.8888888888888888,0.494949494949495,0.5681818181818182
2,0.9623629916183107,0.6676767676767676,0.6994949494949494,0.9634464751958224,0.6666666666666666,0.5882352941176471,0.999044456320562,0.9090519171019723,0.6754667704541198,0.9972972972972973,0.8833333333333333,0.5172413793103449,0.9318181818181818,0.5353535353535354,0.6818181818181818
3,0.9421609714162906,0.6894660894660894,0.7803030303030303,0.9413333333333334,0.6216216216216216,0.6976744186046512,0.9968895975048415,0.9127361060383958,0.7634412309607108,0.9971751412429378,0.9387755102040817,0.7142857142857143,0.8914141414141414,0.46464646464646464,0.6818181818181818
4,0.9173920051579626,0.7803751803751804,0.7487373737373737,0.9186991869918699,0.7710843373493976,0.6470588235294117,0.992815907879089,0.9544377275912224,0.7138787911651794,0.9912280701754386,0.9552238805970149,0.5689655172413793,0.8560606060606061,0.6464646464646465,0.75
5,0.9320599613152805,0.7046176046176046,0.6325757575757576,0.9299191374663073,0.6490066225165563,0.48837209302325585,0.9971897776500085,0.8987831409839094,0.5836583876799304,0.9971098265895953,0.9423076923076923,0.5,0.8712121212121212,0.494949494949495,0.4772727272727273
Average,0.9396840747904577,0.7095887445887447,0.7078282828282829,0.9389149207151137,0.6714771741341596,0.5953792369661042,0.9968690157856294,0.9152598810888379,0.6538464896794945,0.9965620670610538,0.9323896217499629,0.5687941743414008,0.8878787878787879,0.5272727272727272,0.6318181818181818
