Fold,Train_Accuracy,Val_Accuracy,Test_Accuracy,Train_F1,Val_F1,Test_F1,Train_AUCPR,Val_AUCPR,Test_AUCPR,Train_Precision,Val_Precision,Test_Precision,Train_Recall,Val_Recall,Test_Recall
1,0.9655803219633007,0.9007936507936508,0.6111111111111112,0.9717868338557993,0.9207547169811321,0.703030303030303,0.9968784301803424,0.9898023274880235,0.7385391071016173,0.9548254620123203,0.8776978417266187,0.6236559139784946,0.9893617021276596,0.9682539682539683,0.8055555555555556
2,0.9596588990206012,0.8926237161531279,0.6069444444444444,0.9623250807319699,0.905511811023622,0.6731391585760518,0.9955883840639412,0.9723573664559477,0.7569937909122262,0.9738562091503268,0.8984375,0.6303030303030303,0.951063829787234,0.9126984126984127,0.7222222222222222
3,0.9848474614432061,0.957516339869281,0.65625,0.9849137931034483,0.9596774193548387,0.6875,0.9997868112140122,0.9867558855065941,0.6357219548952447,0.9978165938864629,0.9754098360655737,0.6875,0.9723404255319149,0.9444444444444444,0.6875
4,0.9774006529325678,0.9593837535014006,0.6791666666666667,0.9771986970684039,0.9590163934426229,0.7083333333333334,0.9990003828093877,0.9876801945508636,0.7784307445060676,0.9977827050997783,0.9915254237288136,0.7083333333333334,0.9574468085106383,0.9285714285714286,0.7083333333333334
5,0.9651484480431849,0.86578125,0.6138888888888889,0.9662676822633297,0.8755020080321285,0.6505190311418685,0.9951621921212345,0.9585319608110868,0.6911535619696713,0.9844789356984479,0.9008264462809917,0.6482758620689655,0.9487179487179487,0.8515625,0.6527777777777778
Average,0.970527156680572,0.915219742063492,0.6334722222222222,0.9724984174045902,0.9240924697668689,0.6845043652163113,0.9972832400777836,0.9790255469625031,0.7201678318769654,0.9817519811694673,0.9287794095603996,0.6596136279367648,0.9637861429350792,0.9211061507936508,0.7152777777777778
