Fold,Train_Accuracy,Val_Accuracy,Test_Accuracy,Train_F1,Val_F1,Test_F1,Train_AUCPR,Val_AUCPR,Test_AUCPR,Train_Precision,Val_Precision,Test_Precision,Train_Recall,Val_Recall,Test_Recall
1,0.9990176817288802,0.9885163350528126,0.5909090909090909,0.9990167158308751,0.9890909090909091,0.6493506493506493,1.0,0.9997345272525725,0.5817186586050471,1.0,0.9927007299270073,0.5681818181818182,0.9980353634577603,0.9855072463768116,0.7575757575757576
2,1.0,0.9956521739130435,0.5454545454545454,1.0,0.9964664310954063,0.6052631578947368,1.0,1.0,0.5460433306953453,1.0,0.9929577464788732,0.5348837209302325,1.0,1.0,0.696969696969697
3,1.0,0.9781031031031031,0.6363636363636364,1.0,0.9832775919732442,0.6666666666666666,1.0,0.9985785981437127,0.5642613651055413,1.0,0.9735099337748344,0.6153846153846154,1.0,0.9932432432432432,0.7272727272727273
4,0.9977769869397983,0.9777408842157044,0.6818181818181819,0.9980353634577603,0.9781021897810219,0.7341772151898734,0.9999961439873714,0.9993349465026149,0.7089877444374219,0.9980353634577603,0.9925925925925926,0.6304347826086957,0.9980353634577603,0.9640287769784173,0.8787878787878788
5,1.0,0.9928057553956835,0.5,1.0,0.9927536231884058,0.547945205479452,1.0,0.9998975895271625,0.502510196506562,1.0,1.0,0.5,1.0,0.9856115107913669,0.6060606060606061
Average,0.9993589337337359,0.9865636503360694,0.5909090909090908,0.999410415857727,0.9879381490257974,0.6406805789162756,0.9999992287974742,0.9995091322852125,0.5807042590699835,0.9996070726915521,0.9903522005546614,0.5697769874210723,0.9992141453831043,0.9856781554779678,0.7333333333333333
