Fold,Train_Accuracy,Val_Accuracy,Test_Accuracy,Train_F1,Val_F1,Test_F1,Train_AUCPR,Val_AUCPR,Test_AUCPR,Train_Precision,Val_Precision,Test_Precision,Train_Recall,Val_Recall,Test_Recall
1,0.8652802594136721,0.7581536760641239,0.7104580812445982,0.9084065244667503,0.8484848484848485,0.6,0.9727499096181758,0.9161471593425421,0.7372828502418878,0.9451697127937336,0.8850574712643678,0.4918032786885246,0.8743961352657005,0.8148148148148148,0.7692307692307693
2,0.9292662227444837,0.7914001421464107,0.8048245614035088,0.9546012269938651,0.8347826086956521,0.7151515151515152,0.990490132861772,0.9472228195299603,0.7973394825950365,0.970074812967581,0.9230769230769231,0.6629213483146067,0.9396135265700483,0.7619047619047619,0.7763157894736842
3,0.803515471993733,0.6756778309409888,0.6662192556047305,0.8915956151035322,0.8275862068965517,0.5507246376811594,0.945623226311752,0.8836609829752045,0.516111345053091,0.8992628992628993,0.8342245989304813,0.43846153846153846,0.8840579710144928,0.8210526315789474,0.7402597402597403
4,0.8920714192453323,0.7353269537480064,0.7131874418937281,0.916243654822335,0.8235294117647058,0.6054054054054054,0.9723971188180094,0.929927367533049,0.641021206527365,0.9652406417112299,0.8802395209580839,0.5283018867924528,0.8719806763285024,0.7736842105263158,0.7088607594936709
5,0.8300528789659225,0.6515957446808511,0.6730445752733389,0.8944099378881988,0.8096514745308311,0.56353591160221,0.9678009660019204,0.8764724584394823,0.6650564249122627,0.9207161125319693,0.8162162162162162,0.5151515151515151,0.8695652173913043,0.8031914893617021,0.6219512195121951
Average,0.8640372504726287,0.7224308695160763,0.713546783083981,0.9130513918549363,0.8288069100745179,0.606963493968058,0.9698122707223259,0.9106861575640476,0.6713622618659286,0.9400928358534827,0.8677629460892143,0.5273279134817275,0.8879227053140097,0.7949295816373084,0.723323655594012
