Fold,Train_Accuracy,Val_Accuracy,Test_Accuracy,Train_F1,Val_F1,Test_F1,Train_AUCPR,Val_AUCPR,Test_AUCPR,Train_precision,Val_precision,Test_precision,Train_recall,Val_recall,Test_recall
1,0.9987373737373737,0.7159090909090908,0.7462121212121212,0.9987357774968395,0.6666666666666666,0.6458333333333334,1.0,0.9396430116022134,0.6507987738281941,1.0,0.9444444444444444,0.5961538461538461,0.9974747474747475,0.5151515151515151,0.7045454545454546
2,1.0,0.7441558441558441,0.7411616161616161,1.0,0.6967741935483871,0.6391752577319587,1.0,0.9419495154013453,0.6175193935357786,1.0,0.9642857142857143,0.5849056603773585,1.0,0.5454545454545454,0.7045454545454546
3,0.9310391145497529,0.655988455988456,0.6957070707070707,0.9315436241610738,0.7209302325581397,0.5882352941176471,0.9942593416193364,0.852998140988851,0.6395729196593772,0.994269340974212,0.8493150684931506,0.4666666666666667,0.8762626262626263,0.6262626262626263,0.7954545454545454
4,0.994949494949495,0.7619047619047619,0.720959595959596,0.9949238578680203,0.7764705882352941,0.613861386138614,1.0,0.9313766938127503,0.6594924691828603,1.0,0.9295774647887324,0.543859649122807,0.98989898989899,0.6666666666666666,0.7045454545454546
5,0.9886363636363636,0.7080808080808081,0.7361111111111112,0.9885057471264368,0.7305389221556885,0.6306306306306306,0.998964634856488,0.918062116439351,0.7973665209292464,1.0,0.8970588235294118,0.5223880597014925,0.9772727272727273,0.6161616161616161,0.7954545454545454
Average,0.982672469374597,0.7172077922077922,0.728030303030303,0.9827418013304741,0.7182761206328352,0.6235471803904368,0.9986447952951648,0.9168058956489024,0.6729500154270914,0.9988538681948423,0.9169363031082908,0.5427947764044341,0.9681818181818181,0.593939393939394,0.740909090909091
