Fold,Train_Accuracy,Val_Accuracy,Test_Accuracy,Train_F1,Val_F1,Test_F1,Train_AUCPR,Val_AUCPR,Test_AUCPR,Train_Precision,Val_Precision,Test_Precision,Train_Recall,Val_Recall,Test_Recall
1,0.9806484295845999,0.9369747899159664,0.6256944444444444,0.9830148619957537,0.9448818897637795,0.6903225806451613,0.9980511466750828,0.9821016784732727,0.7660821368281824,0.9809322033898306,0.9375,0.6445783132530121,0.9851063829787234,0.9523809523809523,0.7430555555555556
2,0.9617021276595745,0.892156862745098,0.6361111111111111,0.9601769911504425,0.8898305084745762,0.6394052044609665,0.9973063128182191,0.9784276129324648,0.7382610667694965,1.0,0.9545454545454546,0.688,0.9234042553191489,0.8333333333333334,0.5972222222222222
3,0.9782337048294495,0.8858543417366946,0.5805555555555555,0.9796355841371919,0.9034749034749034,0.6493506493506493,0.998192962571695,0.9755706392563523,0.6819246438522284,0.9870410367170627,0.8796992481203008,0.6097560975609756,0.9723404255319149,0.9285714285714286,0.6944444444444444
4,0.9731453337836317,0.9122315592903828,0.6111111111111112,0.9727371864776445,0.92,0.6433566433566433,0.9959358516383494,0.9860676696617694,0.6861479944457217,0.9977628635346756,0.9274193548387096,0.647887323943662,0.948936170212766,0.9126984126984127,0.6388888888888888
5,0.9639001349527665,0.9004687499999999,0.5548611111111111,0.9707724425887265,0.9213483146067416,0.654434250764526,0.9981426328613152,0.9754168899436519,0.7023277877923098,0.9489795918367347,0.8848920863309353,0.5846994535519126,0.9935897435897436,0.9609375,0.7430555555555556
Average,0.9715259461620043,0.9055372607376284,0.6016666666666668,0.9732674132699518,0.9159071232640003,0.6553738657155893,0.9975257813129323,0.9795168980535023,0.7149487259375877,0.9829431390956607,0.91681122876708,0.6349842376619124,0.9646753955264593,0.9175843253968253,0.6833333333333333
