Fold,Train_Accuracy,Val_Accuracy,Test_Accuracy,Train_F1,Val_F1,Test_F1,Train_AUCPR,Val_AUCPR,Test_AUCPR,Train_Precision,Val_Precision,Test_Precision,Train_Recall,Val_Recall,Test_Recall
1,0.9710739614994934,0.9007936507936508,0.675,0.9732047159699893,0.9207547169811321,0.7331189710610932,0.9973737911903033,0.9925784378744458,0.7650982655077565,0.980561555075594,0.8776978417266187,0.6826347305389222,0.9659574468085106,0.9682539682539683,0.7916666666666666
2,0.9814251941911516,0.9299719887955182,0.6763888888888889,0.9829059829059829,0.936,0.7162162162162162,0.9991663495801929,0.9867932424961419,0.7401655764990716,0.9871244635193133,0.9435483870967742,0.6973684210526315,0.9787234042553191,0.9285714285714286,0.7361111111111112
3,0.9607227288078353,0.9299719887955182,0.6055555555555556,0.9634408602150538,0.936,0.6460481099656358,0.9911050005713803,0.9827830107412179,0.6680634348424551,0.9739130434782609,0.9435483870967742,0.6394557823129252,0.9531914893617022,0.9285714285714286,0.6527777777777778
4,0.9798716649780479,0.9105975723622782,0.617361111111111,0.9831223628691983,0.9277566539923955,0.6710963455149501,0.9988103043667518,0.986064117231327,0.7727385154104593,0.9748953974895398,0.8905109489051095,0.643312101910828,0.9914893617021276,0.9682539682539683,0.7013888888888888
5,0.9818376068376069,0.916875,0.6381944444444445,0.9815016322089227,0.9113924050632911,0.6496350364963503,0.9984140499616078,0.9836415073530093,0.7561530353473505,1.0,0.9908256880733946,0.6846153846153846,0.9636752136752137,0.84375,0.6180555555555556
Average,0.974986231262827,0.917642040149393,0.6425000000000001,0.9768351108338293,0.9263807552073636,0.6832229358508491,0.9969738991340472,0.9863720631392283,0.7404437655214184,0.9832988919125416,0.9292262505797343,0.6694772840861385,0.9706073831605746,0.9274801587301587,0.7
