Fold,Train_Accuracy,Val_Accuracy,Test_Accuracy,Train_F1,Val_F1,Test_F1,Train_AUCPR,Val_AUCPR,Test_AUCPR,Train_Precision,Val_Precision,Test_Precision,Train_Recall,Val_Recall,Test_Recall,Best_Epoch
1,0.8931818181818182,0.8093434343434344,0.7891414141414141,0.9224704336399474,0.8379888268156425,0.7021276595744681,0.9811232937203715,0.9536873731315171,0.7423846196522684,0.9616438356164384,0.9375,0.66,0.8863636363636364,0.7575757575757576,0.75,23.0
2,0.9987373737373737,0.7284271284271284,0.7853535353535354,0.9987357774968394,0.845360824742268,0.6846846846846847,0.9999999999999999,0.9502361880434519,0.7540635377158438,1.0,0.8631578947368421,0.5671641791044776,0.9974747474747475,0.8282828282828283,0.8636363636363636,104.0
3,0.9898989898989898,0.6763347763347762,0.7601010101010102,0.9897959183673469,0.8341708542713567,0.6601941747572816,0.9999361003261039,0.9179099396931709,0.6949999319098916,1.0,0.83,0.576271186440678,0.9797979797979798,0.8383838383838383,0.7727272727272727,83.0
4,0.8571083172147003,0.7746031746031746,0.7929292929292929,0.8980132450331125,0.8369565217391305,0.7111111111111111,0.9754374071861449,0.9418444200573411,0.7314692797364439,0.9442896935933147,0.9058823529411765,0.6956521739130435,0.8560606060606061,0.7777777777777778,0.7272727272727273,14.0
5,0.9777562862669246,0.715007215007215,0.8143939393939394,0.9820971867007673,0.8542713567839196,0.7415730337078652,0.9990170791012931,0.9488449044886352,0.8213468465371496,0.9948186528497409,0.85,0.7333333333333333,0.9696969696969697,0.8585858585858586,0.75,39.0
Average,0.9433365570599612,0.7407431457431457,0.7883838383838383,0.9582225122476029,0.8417496768704634,0.6999381327670822,0.9911027760667827,0.9425045650828231,0.7488528431103194,0.9801504364118987,0.8773080495356037,0.6464841745583065,0.9378787878787879,0.8121212121212121,0.7727272727272728,
