Fold,Train_Accuracy,Val_Accuracy,Test_Accuracy,Train_F1,Val_F1,Test_F1,Train_AUCPR,Val_AUCPR,Test_AUCPR,Train_Precision,Val_Precision,Test_Precision,Train_Recall,Val_Recall,Test_Recall
1,0.9918318895123509,0.9513888888888888,0.6489263449549758,0.9931439764936337,0.9586206896551724,0.6783216783216783,0.9988922467289275,0.9921195465946239,0.7558716147951117,0.990234375,0.952054794520548,0.6736111111111112,0.9960707269155207,0.9652777777777778,0.6830985915492958
2,0.9948300321264387,0.9713575644610127,0.6347841145232047,0.9950738916256158,0.971830985915493,0.6394052044609665,0.9999650203610061,0.9986118193590431,0.7488741338466185,0.9980237154150198,0.9928057553956835,0.6771653543307087,0.9921414538310412,0.9517241379310345,0.6056338028169014
3,0.9596737630833581,0.9261798863355573,0.6355345185869314,0.9594320486815415,0.9323843416370107,0.6928104575163399,0.9963292224785925,0.9842205265126464,0.7242523692582383,0.9916142557651991,0.9424460431654677,0.6463414634146342,0.9292730844793713,0.9225352112676056,0.7464788732394366
4,0.9618967761435598,0.9895833333333333,0.6658970214731008,0.9614604462474645,0.9894736842105263,0.6857142857142857,0.9945700018839246,0.9993033717679944,0.7962830337735065,0.9937106918238994,1.0,0.6956521739130435,0.931237721021611,0.9791666666666666,0.676056338028169
5,0.9925925925925926,0.972718253968254,0.6318979450473332,0.9941176470588236,0.975609756097561,0.6523297491039427,0.9880102321195268,0.9642794953586712,0.7014053829489825,0.9883040935672515,0.9790209790209791,0.6642335766423357,1.0,0.9722222222222222,0.6408450704225352
Average,0.9801650106916601,0.9622455853974092,0.6434079889171092,0.9806456020214158,0.9655838915031527,0.6697162750234427,0.9955533447143955,0.9877069519185957,0.7453373069244915,0.992377426314274,0.9732655144205357,0.6714007358823666,0.9697445972495089,0.9581852031730612,0.6704225352112676
