Fold,Train_Accuracy,Val_Accuracy,Test_Accuracy,Train_F1,Val_F1,Test_F1,Train_AUCPR,Val_AUCPR,Test_AUCPR,Train_Precision,Val_Precision,Test_Precision,Train_Recall,Val_Recall,Test_Recall,Best_Epoch
1,0.9397331982438366,0.8914565826330532,0.5833333333333334,0.9422028353326063,0.8987854251012146,0.6559485530546624,0.9852881402316143,0.9769900922857327,0.7632265303860462,0.9664429530201343,0.9173553719008265,0.6107784431137725,0.9191489361702128,0.8809523809523809,0.7083333333333334,189.0
2,0.9296127434425306,0.8664799253034547,0.6305555555555555,0.9302325581395349,0.8632478632478633,0.6905537459283387,0.9815701717930619,0.9427756658686962,0.7670862584781477,0.9699769053117783,0.9351851851851852,0.6503067484662577,0.8936170212765957,0.8015873015873016,0.7361111111111112,169.0
3,0.9293538219070134,0.8926237161531279,0.6611111111111111,0.9303867403314917,0.905511811023622,0.7166123778501629,0.9837202889869858,0.9486089744830861,0.7399551424756652,0.967816091954023,0.8984375,0.6748466257668712,0.8957446808510638,0.9126984126984127,0.7638888888888888,193.0
4,0.931999324552516,0.9267040149393091,0.5673611111111111,0.9324473975636767,0.9243697478991597,0.645367412140575,0.9773477139917338,0.9731577751630938,0.7269828543411296,0.9722863741339491,0.9821428571428571,0.5976331360946746,0.8957446808510638,0.873015873015873,0.7013888888888888,199.0
5,0.9024291497975709,0.83890625,0.6347222222222222,0.9040178571428571,0.8326180257510729,0.6779661016949152,0.9708802797261182,0.9372062830445271,0.7850059076245778,0.9462616822429907,0.9238095238095239,0.6622516556291391,0.8653846153846154,0.7578125,0.6944444444444444,192.0
Average,0.9266256475886934,0.8832340978057889,0.6154166666666667,0.9278574777020333,0.8849065746045867,0.6772896381337308,0.9797613189459028,0.9557477581690271,0.7564513386611134,0.964556801332575,0.9313860876076786,0.639163321814143,0.8939279869067104,0.8452132936507937,0.7208333333333334,
