Fold,Train_Accuracy,Val_Accuracy,Test_Accuracy,Train_F1,Val_F1,Test_F1,Train_AUCPR,Val_AUCPR,Test_AUCPR,Train_Precision,Val_Precision,Test_Precision,Train_Recall,Val_Recall,Test_Recall,Best_Epoch
1,0.9989361702127659,0.9682539682539683,0.5784722222222223,0.9989350372736954,0.9672131147540983,0.6845238095238095,1.0,0.9912958936115457,0.7820393744032186,1.0,1.0,0.5989583333333334,0.997872340425532,0.9365079365079365,0.7986111111111112,73
2,0.9989361702127659,0.9743230625583567,0.6208333333333333,0.9989350372736954,0.976,0.7037037037037037,0.9999775799585147,0.9956456243715823,0.7059867935306472,1.0,0.9838709677419355,0.6333333333333333,0.997872340425532,0.9682539682539683,0.7916666666666666,93
3,1.0,0.9626517273576096,0.6430555555555555,1.0,0.96875,0.7239263803680982,1.0,0.919206985068205,0.5901753644234534,1.0,0.9538461538461539,0.6483516483516484,1.0,0.9841269841269841,0.8194444444444444,98
4,0.9880389508049082,0.9379084967320261,0.6173611111111111,0.9881847475832438,0.9444444444444444,0.6996904024767802,0.9958732235047343,0.9907199757117162,0.7757017397294835,0.9978308026030369,0.9444444444444444,0.6312849162011173,0.9787234042553191,0.9444444444444444,0.7847222222222222,89
5,0.9963000449842555,0.97265625,0.5798611111111112,0.9967982924226254,0.9718875502008032,0.6666666666666666,0.9995449320490368,0.9964797792154784,0.6970758917437742,0.9957356076759062,1.0,0.6045197740112994,0.9978632478632479,0.9453125,0.7430555555555556,82
