Fold,Train_Accuracy,Val_Accuracy,Test_Accuracy,Train_F1,Val_F1,Test_F1,Train_AUCPR,Val_AUCPR,Test_AUCPR,Train_Precision,Val_Precision,Test_Precision,Train_Recall,Val_Recall,Test_Recall,Best_Epoch
1,1.0,0.9733893557422969,0.6347222222222222,1.0,0.9761904761904762,0.7066246056782335,1.0,0.9985317738035822,0.8201937311956933,1.0,0.9761904761904762,0.6473988439306358,1.0,0.9761904761904762,0.7777777777777778,61
2,1.0,0.9871615312791784,0.6076388888888888,1.0,0.9880478087649402,0.711764705882353,1.0,0.9985700345259781,0.7680564508501204,1.0,0.992,0.6173469387755102,1.0,0.9841269841269841,0.8402777777777778,65
3,1.0,0.9754901960784313,0.6347222222222222,1.0,0.980544747081712,0.7315634218289085,1.0,0.9520124471864362,0.6593559641825758,1.0,0.9618320610687023,0.6358974358974359,1.0,1.0,0.8611111111111112,16
4,0.9954857593155466,1.0,0.6430555555555556,0.9957356076759062,1.0,0.6973684210526315,0.9999638321044672,0.9999999999999997,0.8368049039898782,0.9978632478632479,1.0,0.6625,0.9936170212765958,1.0,0.7361111111111112,80
5,0.9713900134952766,0.984375,0.61875,0.9743589743589743,0.9841269841269841,0.6959247648902821,0.9978798559954993,0.9970447457384444,0.8480902199963161,0.9743589743589743,1.0,0.6342857142857142,0.9743589743589743,0.96875,0.7708333333333334,18
