fold,train_accuracy,train_f1_score,train_auc_pr,train_precision,train_recall,val_accuracy,val_f1_score,val_auc_pr,val_precision,val_recall,test_accuracy,test_f1_score,test_auc_pr,test_precision,test_recall
1,1.0,1.0,0.9999999999999999,1.0,1.0,0.6148989898989898,0.8699551569506726,0.9488765240275979,0.782258064516129,0.9797979797979798,0.6073232323232323,0.5256410256410257,0.7353811666427361,0.36607142857142855,0.9318181818181818
2,1.0,1.0,0.9999999999999999,1.0,1.0,0.6848484848484848,0.8888888888888888,0.9741746129599206,0.8205128205128205,0.9696969696969697,0.5921717171717171,0.5157232704402516,0.7387869906305429,0.3565217391304348,0.9318181818181818
3,1.0,1.0,1.0,1.0,1.0,0.6285714285714286,0.8839285714285714,0.9550877613414515,0.792,1.0,0.6439393939393939,0.5526315789473685,0.7800889376063698,0.3888888888888889,0.9545454545454546
4,1.0,1.0,0.9999999999999999,1.0,1.0,0.6083694083694083,0.8636363636363636,0.9626990969738377,0.7851239669421488,0.9595959595959596,0.601010101010101,0.5194805194805194,0.7235982898098199,0.36363636363636365,0.9090909090909091
5,1.0,1.0,1.0,1.0,1.0,0.6226551226551227,0.867579908675799,0.9003564575889041,0.7916666666666666,0.9595959595959596,0.6426767676767676,0.5503355704697986,0.7485247756585052,0.3904761904761905,0.9318181818181818
average,1.0,1.0,1.0,1.0,1.0,0.6318686868686868,0.8747977779160591,0.9482388905783423,0.7943123037275529,0.9737373737373737,0.6174242424242424,0.5327623929957928,0.7452760320695948,0.3731189221406613,0.9318181818181819
