fold,train_accuracy,train_f1_score,train_auc_pr,train_precision,train_recall,val_accuracy,val_f1_score,val_auc_pr,val_precision,val_recall,test_accuracy,test_f1_score,test_auc_pr,test_precision,test_recall
1,1.0,1.0,1.0,1.0,1.0,0.9946236559139785,0.9957446808510638,0.9998538919529043,0.9915254237288136,1.0,0.5613095238095238,0.6914285714285714,0.84677267724382,0.5761904761904761,0.8642857142857143
2,1.0,1.0,0.9999999999999999,1.0,1.0,0.9764267990074442,0.9785407725321889,0.998133560618126,0.9827586206896551,0.9743589743589743,0.5744047619047619,0.6956521739130435,0.8483179717281782,0.5853658536585366,0.8571428571428571
3,1.0,1.0,1.0,1.0,1.0,0.978494623655914,0.9831932773109243,0.9998538919529044,0.9669421487603306,1.0,0.5761904761904761,0.7045454545454546,0.8521520392538362,0.5849056603773585,0.8857142857142857
4,1.0,1.0,1.0000000000000002,1.0,1.0,0.989247311827957,0.9915254237288136,1.0,0.9831932773109243,1.0,0.606547619047619,0.7288135593220338,0.846924974047041,0.602803738317757,0.9214285714285714
5,1.0,1.0,0.9999999999999999,1.0,1.0,0.978813559322034,0.9783549783549783,0.9980686952721881,1.0,0.9576271186440678,0.5851190476190476,0.7068965517241379,0.8589153474974915,0.5913461538461539,0.8785714285714286
average,1.0,1.0,1.0,1.0,1.0,0.9835211899454656,0.9854718265555938,0.9991820079592244,0.9848838940979447,0.9863972186006084,0.5807142857142857,0.7054672621866482,0.8506166019540734,0.5881223764780563,0.8814285714285713
