fold,train_accuracy,train_f1_score,train_auc_pr,train_precision,train_recall,val_accuracy,val_f1_score,val_auc_pr,val_precision,val_recall,test_accuracy,test_f1_score,test_auc_pr,test_precision,test_recall
1,1.0,1.0,1.0,1.0,1.0,0.9946236559139785,0.9957446808510638,0.9998538919529043,0.9915254237288136,1.0,0.6946428571428571,0.7475409836065574,0.8449391249950187,0.6909090909090909,0.8142857142857143
2,1.0,1.0,0.9999999999999999,1.0,1.0,0.9764267990074442,0.9785407725321889,0.998133560618126,0.9827586206896551,0.9743589743589743,0.675,0.7167235494880546,0.8397433961021439,0.6862745098039216,0.75
3,1.0,1.0,1.0,1.0,1.0,0.978494623655914,0.9831932773109243,0.9998538919529044,0.9669421487603306,1.0,0.6613095238095238,0.7133333333333334,0.838282827943309,0.66875,0.7642857142857142
4,1.0,1.0,1.0000000000000002,1.0,1.0,0.989247311827957,0.9915254237288136,1.0,0.9831932773109243,1.0,0.7041666666666666,0.7491638795986622,0.8339459997787664,0.7044025157232704,0.8
5,1.0,1.0,0.9999999999999999,1.0,1.0,0.978813559322034,0.9783549783549783,0.9980686952721881,1.0,0.9576271186440678,0.6791666666666667,0.7344262295081967,0.8333055222916556,0.6787878787878788,0.8
average,1.0,1.0,1.0,1.0,1.0,0.9835211899454656,0.9854718265555938,0.9991820079592244,0.9848838940979447,0.9863972186006084,0.6828571428571428,0.7322375951069608,0.8380433742221787,0.6858247990448323,0.7857142857142856
