fold,train_accuracy,train_f1_score,train_auc_pr,train_precision,train_recall,val_accuracy,val_f1_score,val_auc_pr,val_precision,val_recall,test_accuracy,test_f1_score,test_auc_pr,test_precision,test_recall
1,1.0,1.0,1.0,1.0,1.0,0.6654040404040404,0.8807339449541284,0.9618315407898865,0.8067226890756303,0.9696969696969697,0.5,0.47058823529411764,0.6471559378854773,0.3076923076923077,1.0
2,1.0,1.0,0.9999999999999999,1.0,1.0,0.6512265512265512,0.8755760368663595,0.9680751198587894,0.8050847457627118,0.9595959595959596,0.5,0.47058823529411764,0.5930888000295305,0.3076923076923077,1.0
3,1.0,1.0,1.0,1.0,1.0,0.6285714285714286,0.8839285714285714,0.9536683229780484,0.792,1.0,0.5,0.47058823529411764,0.5461820266685167,0.3076923076923077,1.0
4,1.0,1.0,0.9999999999999999,1.0,1.0,0.5512265512265512,0.8482142857142858,0.964210515518313,0.76,0.9595959595959596,0.5,0.47058823529411764,0.5902400264392522,0.3076923076923077,1.0
5,1.0,1.0,1.0,1.0,1.0,0.6235209235209236,0.8789237668161436,0.9205336254230448,0.7903225806451613,0.98989898989899,0.5,0.47058823529411764,0.6472889990731446,0.3076923076923077,1.0
average,1.0,1.0,1.0,1.0,1.0,0.623989898989899,0.8734753211558977,0.9536638249136165,0.7908260030967005,0.9757575757575756,0.5,0.47058823529411764,0.6047911580191843,0.3076923076923077,1.0
