Fold,Train_Accuracy,Val_Accuracy,Test_Accuracy,Train_F1,Val_F1,Test_F1,Train_AUCPR,Val_AUCPR,Test_AUCPR,Train_Precision,Val_Precision,Test_Precision,Train_Recall,Val_Recall,Test_Recall,Best_Epoch
1,0.9596307553754362,0.9073295985060691,0.5881944444444445,0.9608695652173913,0.9163346613545816,0.6848484848484848,0.9932892158426097,0.9843695486773255,0.7251727703059608,0.9822222222222222,0.92,0.6075268817204301,0.9404255319148936,0.9126984126984127,0.7847222222222222,88
2,0.9349600360238658,0.861577964519141,0.6319444444444444,0.9378407851690295,0.8595744680851064,0.7006369426751592,0.9855583263853006,0.9515982781174903,0.7870581084100942,0.9619686800894854,0.926605504587156,0.6470588235294118,0.9148936170212766,0.8015873015873016,0.7638888888888888,94
3,0.8317629179331307,0.8069561157796452,0.6201388888888889,0.8394241417497231,0.8326848249027238,0.6776315789473685,0.9397705148969637,0.9200428172884525,0.7253153256389782,0.8752886836027713,0.816793893129771,0.64375,0.8063829787234043,0.8492063492063492,0.7152777777777778,98
4,0.8958572554317235,0.9019607843137255,0.6097222222222223,0.8929384965831435,0.8974358974358975,0.6794871794871795,0.9670343343823022,0.964753241849881,0.6397418403527468,0.9607843137254902,0.9722222222222222,0.6309523809523809,0.8340425531914893,0.8333333333333334,0.7361111111111112,97
5,0.8833558254610886,0.7871874999999999,0.6513888888888889,0.8861607142857143,0.7899159663865546,0.7156549520766773,0.9677180900640455,0.9164952379380591,0.7492250214245244,0.927570093457944,0.8545454545454545,0.6627218934911243,0.8482905982905983,0.734375,0.7777777777777778,59
