Fold,Train_Accuracy,Val_Accuracy,Test_Accuracy,Train_F1,Val_F1,Test_F1,Train_AUCPR,Val_AUCPR,Test_AUCPR,Train_Precision,Val_Precision,Test_Precision,Train_Recall,Val_Recall,Test_Recall
1,0.9828820855292272,0.98607664736697,0.6232142857142857,0.9838882921589689,0.9871244635193133,0.6397058823529411,0.9990708146284646,0.9989308291179664,0.7421780233889241,0.9913419913419913,0.9913793103448276,0.6590909090909091,0.976545842217484,0.9829059829059829,0.6214285714285714
2,0.9735084684394738,0.9710504549214227,0.6392857142857142,0.9752421959095802,0.9743589743589743,0.6713780918727915,0.9974504995280019,0.9988975279921862,0.7696179003584028,0.9847826086956522,0.9743589743589743,0.6643356643356644,0.9658848614072495,0.9743589743589743,0.6785714285714286
3,0.9751377881482077,0.9795974634684312,0.7041666666666666,0.9762419006479481,0.9830508474576272,0.717948717948718,0.998760367735145,0.9991233071881082,0.7970202161241726,0.9890590809628009,0.9747899159663865,0.7368421052631579,0.9637526652452025,0.9914529914529915,0.7
4,0.9847326708774189,0.9903501516404742,0.6261904761904762,0.986096256684492,0.9914529914529915,0.6472727272727272,0.9994041293117776,0.9995008976041101,0.713832149735214,0.9892703862660944,0.9914529914529915,0.6592592592592592,0.9829424307036247,0.9914529914529915,0.6357142857142857
5,0.987145023435346,0.9745762711864407,0.6244047619047619,0.9882100750267953,0.9739130434782609,0.6343283582089553,0.9990999051011655,0.9988640530668172,0.7515352114077146,0.9913978494623656,1.0,0.6640625,0.9850427350427351,0.9491525423728814,0.6071428571428571
Average,0.9806812072859348,0.9803301977167479,0.6434523809523809,0.981935744085557,0.9819800640534334,0.6621267555312266,0.9987571432609108,0.9990633229938377,0.7548367002028856,0.9891703833457809,0.986396238424636,0.6767180875897981,0.9748337069232591,0.9778646965087644,0.6485714285714286
