Fold,Train_Accuracy,Val_Accuracy,Test_Accuracy,Train_F1,Val_F1,Test_F1,Train_AUCPR,Val_AUCPR,Test_AUCPR,Train_Precision,Val_Precision,Test_Precision,Train_Recall,Val_Recall,Test_Recall,Best_Epoch
1,0.9713924963924965,0.8042929292929293,0.7386363636363636,0.9755469755469756,0.8314606741573034,0.6346153846153846,0.9988388557013206,0.9457242248986162,0.7495997258617839,0.994750656167979,0.9367088607594937,0.55,0.9570707070707071,0.7474747474747475,0.75,147.0
2,0.958575112830432,0.7603174603174603,0.6843434343434344,0.9593709043250328,0.8324324324324325,0.5652173913043478,0.9968116210988068,0.9439422869457675,0.6451144863722192,0.997275204359673,0.8953488372093024,0.5416666666666666,0.9242424242424242,0.7777777777777778,0.5909090909090909,140.0
3,0.9481785944551901,0.6930735930735931,0.7146464646464646,0.9584415584415584,0.8021390374331551,0.6071428571428571,0.9962089293649552,0.8821813879316835,0.6213200563850485,0.9866310160427807,0.8522727272727273,0.5,0.9318181818181818,0.7575757575757576,0.7727272727272727,140.0
4,0.9327315710294434,0.7108225108225108,0.731060606060606,0.9521345407503234,0.8613861386138614,0.625,0.9956200674374185,0.9458588137874835,0.6389447500709801,0.9761273209549072,0.8446601941747572,0.5147058823529411,0.9292929292929293,0.8787878787878788,0.7954545454545454,130.0
5,0.9580378250591016,0.6468975468975469,0.7537878787878788,0.9664082687338501,0.8121827411167513,0.6534653465346535,0.9967967828501156,0.9172418521667913,0.6867905619439586,0.9894179894179894,0.8163265306122449,0.5789473684210527,0.9444444444444444,0.8080808080808081,0.75,144.0
Average,0.9537831199533328,0.7230808080808081,0.7244949494949495,0.962380449559548,0.8279202047507008,0.6170881959194486,0.9968552512905233,0.9269897131460685,0.6683539161267981,0.9888404373886658,0.8690634300057051,0.5370639834881321,0.9373737373737374,0.793939393939394,0.7318181818181817,
