Fold,Train_Accuracy,Val_Accuracy,Test_Accuracy,Train_F1,Val_F1,Test_F1,Train_AUCPR,Val_AUCPR,Test_AUCPR,Train_Precision,Val_Precision,Test_Precision,Train_Recall,Val_Recall,Test_Recall
1,0.9857987689584422,1.0,0.6988095238095238,0.9871794871794872,1.0,0.7194244604316546,0.9985482390352953,1.0,0.7522906329006623,0.9892933618843683,1.0,0.7246376811594203,0.9850746268656716,1.0,0.7142857142857143
2,0.9919740918051253,0.9946236559139785,0.6416666666666667,0.9925133689839573,0.9957446808510638,0.7133757961783439,0.9993109085132581,1.0,0.7698152841416801,0.9957081545064378,0.9915254237288136,0.6436781609195402,0.9893390191897654,1.0,0.8
3,0.9957356076759062,0.9838709677419355,0.6482142857142856,0.9957173447537473,0.9873417721518988,0.6917808219178082,0.999896807968087,0.9997854269913092,0.7942214332200299,1.0,0.975,0.6644736842105263,0.9914712153518124,1.0,0.7214285714285714
4,0.9930401898861487,1.0,0.6821428571428572,0.9935897435897436,1.0,0.7254237288135593,0.9997722116890606,1.0,0.742381395971829,0.9957173447537473,1.0,0.6903225806451613,0.9914712153518124,1.0,0.7642857142857142
5,0.9935552798456024,0.9957627118644068,0.6494047619047618,0.9946751863684771,0.9957446808510638,0.7043189368770764,0.9860939625977576,1.0,0.5485196828958152,0.9915074309978769,1.0,0.6583850931677019,0.9978632478632479,0.9915254237288136,0.7571428571428571
Average,0.9920207876342448,0.9948514671040641,0.6640476190476191,0.9927350261750825,0.9957662267708052,0.7108647488436886,0.9967244259606918,0.9999570853982618,0.7214456858260033,0.9944452584284861,0.9933050847457627,0.67629944002047,0.991043864924462,0.9983050847457626,0.7514285714285714
