Fold,Train_Accuracy,Val_Accuracy,Test_Accuracy,Train_F1,Val_F1,Test_F1,Train_AUCPR,Val_AUCPR,Test_AUCPR,Train_Precision,Val_Precision,Test_Precision,Train_Recall,Val_Recall,Test_Recall
1,1.0,1.0,0.5886904761904762,1.0,1.0,0.6964285714285714,1.0,1.0,0.8007070029587109,1.0,1.0,0.5969387755102041,1.0,1.0,0.8357142857142857
2,1.0,1.0,0.5964285714285714,1.0,1.0,0.7163323782234957,1.0,1.0,0.7838768594839309,1.0,1.0,0.5980861244019139,1.0,1.0,0.8928571428571429
3,1.0,0.978494623655914,0.5994047619047619,1.0,0.9831932773109243,0.7079646017699115,1.0,0.9976863034032578,0.7984772031187386,1.0,0.9669421487603306,0.6030150753768844,1.0,1.0,0.8571428571428571
4,1.0,0.9946236559139785,0.5958333333333333,1.0,0.9957446808510638,0.7041420118343196,0.9999999999999999,1.0,0.7604388947976083,1.0,0.9915254237288136,0.601010101010101,1.0,1.0,0.85
5,1.0,0.9733787767133382,0.656547619047619,1.0,0.9741379310344828,0.7416413373860182,1.0,0.9990779732753776,0.8495351043092871,1.0,0.9912280701754386,0.6455026455026455,1.0,0.9576271186440678,0.8714285714285714
Average,1.0,0.9892994112566461,0.6073809523809524,1.0,0.9906151778392942,0.7133017801284632,1.0,0.999352855335727,0.7986070129336552,1.0,0.9899391285329167,0.6089105443603497,1.0,0.9915254237288135,0.8614285714285714
