Fold,Train_Accuracy,Val_Accuracy,Test_Accuracy,Train_F1,Val_F1,Test_F1,Train_AUCPR,Val_AUCPR,Test_AUCPR,Train_precision,Val_precision,Test_precision,Train_recall,Val_recall,Test_recall
1,1.0,0.702020202020202,0.6805555555555556,1.0,0.7934782608695652,0.5777777777777778,0.9999999999999999,0.9092843462443421,0.7336828174657757,1.0,0.8588235294117647,0.42857142857142855,1.0,0.7373737373737373,0.8863636363636364
2,1.0,0.6610389610389611,0.6830808080808081,1.0,0.7283236994219653,0.5739130434782608,0.9999999999999999,0.8936915075124853,0.5139082094844978,1.0,0.8513513513513513,0.4647887323943662,1.0,0.6363636363636364,0.75
3,1.0,0.6972582972582972,0.6186868686868687,1.0,0.7934782608695652,0.5084745762711864,0.9999999999999999,0.912706661320982,0.5546837117716253,1.0,0.8588235294117647,0.40540540540540543,1.0,0.7373737373737373,0.6818181818181818
4,1.0,0.6660894660894661,0.6679292929292929,1.0,0.735632183908046,0.559322033898305,1.0,0.87854570088018,0.64583122396382,1.0,0.8533333333333334,0.44594594594594594,1.0,0.6464646464646465,0.75
5,1.0,0.6610389610389611,0.7272727272727273,1.0,0.7283236994219653,0.6206896551724137,1.0,0.881854686885962,0.6673705305860812,1.0,0.8513513513513513,0.5,1.0,0.6363636363636364,0.8181818181818182
Average,1.0,0.6774891774891774,0.6755050505050505,1.0,0.7558472208982214,0.5680354173195887,1.0,0.8952165805687903,0.62309529865436,1.0,0.8547366189719131,0.44894230246342925,1.0,0.6787878787878788,0.7772727272727272
