Fold,Train_Accuracy,Val_Accuracy,Test_Accuracy,Train_F1,Val_F1,Test_F1,Train_AUCPR,Val_AUCPR,Test_AUCPR,Train_Precision,Val_Precision,Test_Precision,Train_Recall,Val_Recall,Test_Recall
1,0.9863619905861527,0.9914529914529915,0.6922619047619047,0.9871244635193133,0.9913793103448276,0.708029197080292,0.9986718291875248,0.9998557441229425,0.8134135320682434,0.9935205183585313,1.0,0.7238805970149254,0.9808102345415778,0.9829059829059829,0.6928571428571428
2,0.9772096391358571,0.9678797904604357,0.6595238095238096,0.9797225186766275,0.9696969696969697,0.7030716723549488,0.9982505473224859,0.9978608831325231,0.8285460077317968,0.9807692307692307,0.9824561403508771,0.673202614379085,0.9786780383795309,0.9572649572649573,0.7357142857142858
3,0.987146477853321,0.978494623655914,0.6773809523809524,0.9882352941176471,0.9831932773109243,0.7087719298245614,0.9995381578001628,0.9999272581845376,0.7449058060479562,0.9914163090128756,0.9669421487603306,0.696551724137931,0.9850746268656716,1.0,0.7214285714285714
4,0.9747958321599549,0.982905982905983,0.6190476190476191,0.9775880469583778,0.9826086956521739,0.6573426573426573,0.9980590506163455,0.9998557441229425,0.7450065148426138,0.9786324786324786,1.0,0.6438356164383562,0.976545842217484,0.9658119658119658,0.6714285714285714
5,0.9850082712985939,0.9649042004421517,0.6601190476190477,0.9860365198711063,0.9652173913043478,0.6834532374100719,0.998768085052999,0.9951855222391148,0.8101764715946608,0.9913606911447084,0.9910714285714286,0.6884057971014492,0.9807692307692307,0.940677966101695,0.6785714285714286
Average,0.9821044422067761,0.9771275177834952,0.6616666666666667,0.9837413686286144,0.9784191288618487,0.6921337388025064,0.9986575339959035,0.9985370303604121,0.7884096664570542,0.9871398455835649,0.9880939435365272,0.6851752698143494,0.980375594554699,0.9693321744169202,0.7
