Fold,Train_Accuracy,Val_Accuracy,Test_Accuracy,Train_F1,Val_F1,Test_F1,Train_AUCPR,Val_AUCPR,Test_AUCPR,Train_Precision,Val_Precision,Test_Precision,Train_Recall,Val_Recall,Test_Recall
1,0.9987373737373737,0.7689393939393939,0.7929292929292929,0.9987357774968394,0.8855721393034826,0.6896551724137931,1.0,0.899177540889083,0.7889532263603,1.0,0.8725490196078431,0.5555555555555556,0.9974747474747475,0.898989898989899,0.9090909090909091
2,1.0,0.7637806637806638,0.7588383838383839,1.0,0.8855721393034826,0.6507936507936508,0.9999999999999999,0.9386308877732839,0.825704061341191,1.0,0.8725490196078431,0.5,1.0,0.898989898989899,0.9318181818181818
3,1.0,0.7083694083694083,0.6856060606060606,1.0,0.892018779342723,0.582089552238806,1.0,0.9269215072814327,0.7912923159195662,1.0,0.8333333333333334,0.43333333333333335,1.0,0.9595959595959596,0.8863636363636364
4,1.0,0.7024531024531024,0.7588383838383839,1.0,0.875,0.6548672566371682,1.0,0.9578329659343275,0.7543009516103014,1.0,0.8348623853211009,0.5362318840579711,1.0,0.9191919191919192,0.8409090909090909
5,1.0,0.7083694083694083,0.6994949494949495,1.0,0.892018779342723,0.59375,1.0,0.9272560645917678,0.8055653048809486,1.0,0.8333333333333334,0.4523809523809524,1.0,0.9595959595959596,0.8636363636363636
Average,0.9997474747474747,0.7303823953823954,0.7391414141414141,0.9997471554993679,0.8860363674584821,0.6342311264166837,1.0,0.929963793293979,0.7931631720224613,1.0,0.8493254182406907,0.4955003450655625,0.9994949494949494,0.9272727272727274,0.8863636363636364
