Fold,Train_Accuracy,Val_Accuracy,Test_Accuracy,Train_F1,Val_F1,Test_F1,Train_AUCPR,Val_AUCPR,Test_AUCPR,Train_precision,Val_precision,Test_precision,Train_recall,Val_recall,Test_recall
1,1.0,0.7373737373737373,0.6755050505050505,1.0,0.837696335078534,0.5691056910569106,1.0,0.9260146257494553,0.5839650981556025,1.0,0.8695652173913043,0.4430379746835443,1.0,0.8080808080808081,0.7954545454545454
2,1.0,0.7157287157287158,0.6262626262626263,1.0,0.7888888888888889,0.5203252032520326,1.0,0.9004547529018215,0.5245837892231193,1.0,0.8765432098765432,0.4050632911392405,1.0,0.7171717171717171,0.7272727272727273
3,1.0,0.71991341991342,0.7171717171717171,1.0,0.7796610169491526,0.6101694915254238,1.0,0.9219302529009894,0.6327338290821992,1.0,0.8846153846153846,0.4864864864864865,1.0,0.696969696969697,0.8181818181818182
4,1.0,0.8141414141414142,0.7058080808080809,1.0,0.8723404255319148,0.6,1.0,0.9145543377316151,0.6619276809423398,1.0,0.9213483146067416,0.45348837209302323,1.0,0.8282828282828283,0.8863636363636364
5,1.0,0.7502164502164502,0.678030303030303,1.0,0.819672131147541,0.5736434108527132,1.0,0.9298344562450768,0.771754183763424,1.0,0.8928571428571429,0.43529411764705883,1.0,0.7575757575757576,0.8409090909090909
Average,1.0,0.7474747474747476,0.6805555555555556,1.0,0.8196517595192063,0.5746487593374161,1.0,0.9185576851057917,0.634992916233337,1.0,0.8889858538694234,0.4446740484098706,1.0,0.7616161616161616,0.8136363636363637
