Fold,Train_Accuracy,Val_Accuracy,Test_Accuracy,Train_F1,Val_F1,Test_F1,Train_AUCPR,Val_AUCPR,Test_AUCPR,Train_Precision,Val_Precision,Test_Precision,Train_Recall,Val_Recall,Test_Recall,Best_Epoch
1,0.9342237599066661,0.9099807003032809,0.6613095238095238,0.9361233480176211,0.9177489177489178,0.7284345047923323,0.9915431381699035,0.9673662978386093,0.7705922469139829,0.9681093394077449,0.9298245614035088,0.6589595375722543,0.906183368869936,0.905982905982906,0.8142857142857143,14.0
2,0.9968017057569296,0.9786324786324787,0.6404761904761904,0.9967914438502674,0.9781659388646288,0.7441860465116279,1.0,0.9992834471808169,0.7849948019007505,1.0,1.0,0.6274509803921569,0.9936034115138592,0.9572649572649573,0.9142857142857143,36.0
3,0.7458663555537676,0.7489660876757651,0.6047619047619048,0.7833333333333333,0.7901234567901234,0.6576271186440678,0.8460119495092193,0.8452781830106268,0.6816200121277494,0.7657841140529531,0.7619047619047619,0.6258064516129033,0.8017057569296375,0.8205128205128205,0.6928571428571428,5.0
4,0.8064327955907793,0.8041080783016267,0.6386904761904761,0.7981109799291618,0.7981220657276995,0.6544117647058824,0.9152348747075087,0.9078074035866942,0.7669400057830308,0.8941798941798942,0.8854166666666666,0.6742424242424242,0.720682302771855,0.7264957264957265,0.6357142857142857,7.0
5,0.9184932451061483,0.817243920412675,0.7059523809523809,0.9138920780711826,0.7920792079207921,0.7285714285714285,0.9905820346515573,0.9450910228332359,0.8555134592152454,0.9875930521091811,0.9523809523809523,0.7285714285714285,0.8504273504273504,0.6779661016949152,0.7285714285714285,12.0
Average,0.8803635723828582,0.8517862530651653,0.6502380952380952,0.8856502366403131,0.8552479174104324,0.7026461726450678,0.9486743994076378,0.9329652708899966,0.7719321051881518,0.9231332799499548,0.9059053884711779,0.6630061644782335,0.8545204381025275,0.8176445023902652,0.7571428571428572,
