Feature,SHAP_Value,Rank
39488,9.869487007903194e-10,2
457421,5.838831258392643e-10,17
410072,4.628789218975754e-10,27
40520,4.108278493152344e-10,34
39486,4.0188212250027954e-10,35
1322,3.199281334839317e-10,56
39496,2.5094606243764633e-10,78
29347,1.6718273019227296e-10,108
638849,1.2640406582429516e-10,122
88431,5.206360621022718e-12,174
1535,-2.050753117578406e-11,196
817,-9.293653689189101e-11,226
853,-1.5806556535493534e-10,255
301301,-2.0591651858136362e-10,283
39491,-3.3213213483043523e-10,325
1683,-3.534207051533042e-10,330
657323,-3.7276832920798744e-10,334
908340,-4.222468079822782e-10,338
261299,-4.4348859958643606e-10,343
218538,-5.371652028115967e-10,354
360807,-5.570709117233915e-10,356
