Fold,Train_Accuracy,Val_Accuracy,Test_Accuracy,Train_F1,Val_F1,Test_F1,Train_AUCPR,Val_AUCPR,Test_AUCPR,Train_Precision,Val_Precision,Test_Precision,Train_Recall,Val_Recall,Test_Recall
1,0.9116120679950467,0.8688141923436041,0.5791666666666666,0.9156626506024096,0.8790322580645161,0.6021505376344086,0.9776102187862503,0.9534025241488912,0.6366198882633867,0.9435665914221218,0.8934426229508197,0.6222222222222222,0.8893617021276595,0.8650793650793651,0.5833333333333334
2,0.911870989530564,0.8144257703081232,0.5458333333333334,0.9154774972557629,0.8215767634854771,0.5433962264150943,0.9725289533035102,0.927753957259285,0.599736080255748,0.9455782312925171,0.8608695652173913,0.5950413223140496,0.8872340425531915,0.7857142857142857,0.5
3,0.9742373072160306,0.9663865546218486,0.6479166666666667,0.9751887810140237,0.967741935483871,0.6827586206896552,0.9950770992565298,0.9941057310573453,0.7403337297206828,0.9890590809628009,0.9836065573770492,0.678082191780822,0.9617021276595744,0.9523809523809523,0.6875
4,0.9721377912867275,0.9318394024276377,0.601388888888889,0.974304068522484,0.9349593495934959,0.6438356164383562,0.9978102114692293,0.9822956470886812,0.7466167222662518,0.9806034482758621,0.9583333333333334,0.6351351351351351,0.9680851063829787,0.9126984126984127,0.6527777777777778
5,0.9080184435447594,0.7778125,0.6118055555555556,0.9098998887652948,0.7935222672064778,0.6576271186440678,0.9739139183495905,0.9126608279697985,0.6985968685511985,0.9489559164733179,0.8235294117647058,0.6423841059602649,0.8739316239316239,0.765625,0.6736111111111112
Average,0.9355753199146257,0.8718556839402428,0.5972222222222223,0.938106577231995,0.8793665147667676,0.6259536239643164,0.983388080233022,0.9540437375048002,0.6843806578114535,0.961552653685324,0.9039562981286599,0.6345729954824988,0.9160629205310056,0.8562996031746032,0.6194444444444445
