Fold,Train_Accuracy,Val_Accuracy,Test_Accuracy,Train_F1,Val_F1,Test_F1,Train_AUCPR,Val_AUCPR,Test_AUCPR,Train_Precision,Val_Precision,Test_Precision,Train_Recall,Val_Recall,Test_Recall
1,0.8832883035010695,0.7565359477124183,0.575,0.8934337997847147,0.7808764940239044,0.6805970149253732,0.954120978418506,0.8970675694871721,0.6934320116032162,0.9041394335511983,0.784,0.5968586387434555,0.8829787234042553,0.7777777777777778,0.7916666666666666
2,0.8711246200607903,0.7892156862745099,0.5576388888888889,0.8851063829787233,0.8171206225680934,0.6298701298701299,0.9683649017871905,0.9398870226031268,0.5404090898413132,0.8851063829787233,0.8015267175572519,0.5914634146341463,0.8851063829787233,0.8333333333333334,0.6736111111111112
3,0.8891534391534391,0.8067226890756303,0.586111111111111,0.9009584664536742,0.8225806451612904,0.6301369863013698,0.9608700557475613,0.9229097493764389,0.6510418593351226,0.9019189765458422,0.8360655737704918,0.6216216216216216,0.9,0.8095238095238095,0.6388888888888888
4,0.9351908139142182,0.8942577030812324,0.5805555555555555,0.9359823399558499,0.8962655601659751,0.632996632996633,0.9818268740710127,0.9527906730194319,0.699494622106873,0.9724770642201835,0.9391304347826087,0.6143790849673203,0.902127659574468,0.8571428571428571,0.6527777777777778
5,0.9172964462438147,0.82359375,0.68125,0.9247311827956989,0.8505747126436781,0.7428571428571429,0.9686996455357362,0.9005292250492775,0.7587480380709678,0.9307359307359307,0.8345864661654135,0.6842105263157895,0.9188034188034188,0.8671875,0.8125
Average,0.8992107245746663,0.8140651552287581,0.596111111111111,0.9080424343937322,0.8334836069125883,0.6632915813901297,0.9667764911120014,0.9226368479070894,0.6686251241914986,0.9188755576063755,0.8390618384551531,0.6217066572564666,0.8978032369521731,0.8289930555555557,0.7138888888888888
