Fold,Train_Accuracy,Val_Accuracy,Test_Accuracy,Train_F1,Val_F1,Test_F1,Train_AUCPR,Val_AUCPR,Test_AUCPR,Train_Precision,Val_Precision,Test_Precision,Train_Recall,Val_Recall,Test_Recall,Best_Epoch
1,1.0,0.9852941176470589,0.5770833333333334,1.0,0.9882352941176471,0.6882352941176471,0.9999999999999999,0.998573683980917,0.7901108801735574,1.0,0.9767441860465116,0.5969387755102041,1.0,1.0,0.8125,55
2,0.9978723404255319,0.8823529411764706,0.5652777777777778,0.997867803837953,0.9130434782608695,0.7052341597796143,0.9999774467759913,0.9910227778283078,0.854538339958267,1.0,0.84,0.5844748858447488,0.9957446808510638,1.0,0.8888888888888888,83
3,0.996031746031746,0.969421101774043,0.70625,0.9968186638388123,0.9721115537848606,0.7449664429530202,1.0,0.9859211378756909,0.8338427044720079,0.9936575052854123,0.976,0.7207792207792207,1.0,0.9682539682539683,0.7708333333333334,97
4,1.0,0.9901960784313726,0.6263888888888889,1.0,0.9921259842519685,0.7151515151515152,1.0,0.9999999999999999,0.7162868815071364,1.0,0.984375,0.6344086021505376,1.0,1.0,0.8194444444444444,80
5,1.0,0.984375,0.6402777777777777,1.0,0.9841269841269841,0.7051282051282052,0.9999999999999999,0.9977678396287113,0.8327902514212042,1.0,1.0,0.6547619047619048,1.0,0.96875,0.7638888888888888,13
