Fold,Train_Accuracy,Val_Accuracy,Test_Accuracy,Train_F1,Val_F1,Test_F1,Train_AUCPR,Val_AUCPR,Test_AUCPR,Train_Precision,Val_Precision,Test_Precision,Train_Recall,Val_Recall,Test_Recall,Best_Epoch
1,1.0,0.9764239028944912,0.5854166666666667,1.0,0.9803921568627451,0.6645569620253164,1.0,0.9988379357492594,0.7385089808309849,1.0,0.9689922480620154,0.6104651162790697,1.0,0.9920634920634921,0.7291666666666666,79
2,0.9989361702127659,0.949813258636788,0.5569444444444445,0.9989350372736954,0.9568627450980393,0.6626506024096386,0.9994642702371249,0.9897157203914413,0.6740225554909431,1.0,0.9457364341085271,0.5851063829787234,0.997872340425532,0.9682539682539683,0.7638888888888888,84
3,1.0,0.9754901960784313,0.6548611111111111,1.0,0.980544747081712,0.7440476190476191,1.0,0.9426818506870585,0.7312554570286249,1.0,0.9618320610687023,0.6510416666666666,1.0,1.0,0.8680555555555556,86
4,1.0,0.9360410830999066,0.6027777777777777,1.0,0.9453125,0.7113702623906706,1.0,0.9753914990654752,0.6596630111624626,1.0,0.9307692307692308,0.6130653266331658,1.0,0.9603174603174603,0.8472222222222222,51
5,0.9957264957264957,0.96875,0.5951388888888889,0.9957081545064378,0.967741935483871,0.6927710843373494,0.9999154065813339,0.9942869305087119,0.6337748774972816,1.0,1.0,0.6117021276595744,0.9914529914529915,0.9375,0.7986111111111112,93
