Fold,Train_Accuracy,Val_Accuracy,Test_Accuracy,Train_F1,Val_F1,Test_F1,Train_AUCPR,Val_AUCPR,Test_AUCPR,Train_precision,Val_precision,Test_precision,Train_recall,Val_recall,Test_recall
1,1.0,0.7108585858585859,0.7853535353535354,1.0,0.6578947368421053,0.6938775510204083,1.0,0.9346967058215563,0.6902340386255724,1.0,0.9433962264150944,0.6296296296296297,1.0,0.5050505050505051,0.7727272727272727
2,0.994949494949495,0.7215007215007214,0.7537878787878788,0.9949238578680203,0.7160493827160492,0.6491228070175439,1.0,0.9293806518142574,0.6709983383730023,1.0,0.9206349206349206,0.5285714285714286,0.98989898989899,0.5858585858585859,0.8409090909090909
3,0.9911616161616161,0.692929292929293,0.7424242424242424,0.9910828025477708,0.7073170731707317,0.64,0.9999622626683705,0.8637985771309024,0.5621820817032767,1.0,0.8923076923076924,0.5714285714285714,0.9823232323232324,0.5858585858585859,0.7272727272727273
4,0.9911616161616161,0.708946608946609,0.7285353535353536,0.9910828025477708,0.7485380116959064,0.6226415094339622,0.998886506984719,0.9313471562498195,0.6798730431801663,1.0,0.8888888888888888,0.532258064516129,0.9823232323232324,0.6464646464646465,0.75
5,0.9974747474747474,0.645021645021645,0.7184343434343434,0.9974683544303797,0.6867469879518073,0.6105263157894737,1.0,0.9033144725727345,0.7404753253061178,1.0,0.8507462686567164,0.5686274509803921,0.9949494949494949,0.5757575757575758,0.6590909090909091
Average,0.994949494949495,0.6958513708513708,0.7457070707070708,0.9949115634787884,0.70330923847532,0.6432336366522777,0.9997697539306178,0.912507512717854,0.6687525654376272,1.0,0.8991947993806626,0.56610302902523,0.98989898989899,0.5797979797979798,0.75
