{
    "accuracies": [
        0.7537878787878788,
        0.7815656565656566,
        0.7398989898989898,
        0.7638888888888888,
        0.7058080808080808
    ],
    "aucs": [
        0.8280532598714417,
        0.8409090909090909,
        0.8282828282828283,
        0.8498622589531681,
        0.8445821854912764
    ],
    "f1_scores": [
        0.6590909090909091,
        0.6966292134831461,
        0.6382978723404256,
        0.6744186046511628,
        0.5846153846153846
    ],
    "average_accuracy": 0.748989898989899,
    "std_accuracy": 0.02550880060439272,
    "average_auc": 0.8383379247015611,
    "std_auc": 0.008778283010673441,
    "average_f1_score": 0.6506103968362057,
    "std_f1_score": 0.038114095110687286
}