{
    "accuracies": [
        0.7815656565656566,
        0.8679653679653679,
        0.8083694083694084,
        0.8352092352092353,
        0.8082251082251082
    ],
    "aucs": [
        0.9031986531986532,
        0.9082251082251084,
        0.9142857142857143,
        0.8998556998556999,
        0.8877344877344877
    ],
    "f1s": [
        0.8775510204081632,
        0.9109947643979057,
        0.9223300970873787,
        0.9081632653061225,
        0.8524590163934426
    ]
}