{
    "accuracies": [
        0.8497474747474747,
        0.8688311688311688,
        0.8301587301587301,
        0.7923520923520924,
        0.8158730158730159
    ],
    "aucs": [
        0.9194725028058361,
        0.9038961038961039,
        0.9174603174603175,
        0.9004329004329005,
        0.894083694083694
    ],
    "f1s": [
        0.9306930693069307,
        0.923076923076923,
        0.9025641025641026,
        0.8944723618090452,
        0.8979591836734694
    ]
}