Phase,Final_RecLoss,Final_DCor
Train,0.9271016650729709,0.024812544376378864
Validation,1.0474860866864522,0.12479561197560406
Test,0.9462869546630166,0.012743314482575057
