Phase,Final_RecLoss,Final_DCor
Train,1.018896374437544,0.010428791071250589
Validation,1.1618348360061646,0.04107018406811111
Test,1.0680048628286882,0.006875252947683726
