Fold,Train_Accuracy,Val_Accuracy,Test_Accuracy,Train_F1,Val_F1,Test_F1,Train_AUCPR,Val_AUCPR,Test_AUCPR,Train_Precision,Val_Precision,Test_Precision,Train_Recall,Val_Recall,Test_Recall,Best_Epoch
1,0.9126477541371159,0.884453781512605,0.5555555555555556,0.9149171270718232,0.8888888888888888,0.6666666666666666,0.9801572154986462,0.9631167178283524,0.6308052433182286,0.9517241379310345,0.9230769230769231,0.5833333333333334,0.8808510638297873,0.8571428571428571,0.7777777777777778,91.0
2,0.9529888551165147,0.8954248366013071,0.5840277777777778,0.9541484716157205,0.9032258064516129,0.7082152974504249,0.989261141951743,0.9600246435438087,0.8469454286414081,0.9798206278026906,0.9180327868852459,0.5980861244019139,0.9297872340425531,0.8888888888888888,0.8680555555555556,98.0
3,0.894275582573455,0.8765172735760971,0.6298611111111111,0.8921679909194098,0.8796680497925311,0.7190332326283988,0.9759771524612519,0.948035196213578,0.8229855092467726,0.9562043795620438,0.9217391304347826,0.6363636363636364,0.8361702127659575,0.8412698412698413,0.8263888888888888,98.0
4,0.9307610041652594,0.9488795518207283,0.6048611111111111,0.9366272824919442,0.9571984435797666,0.7183908045977011,0.9860429090814334,0.9888930647082737,0.6256951460535007,0.9457700650759219,0.9389312977099237,0.6127450980392157,0.9276595744680851,0.9761904761904762,0.8680555555555556,93.0
5,0.9202541610436348,0.821875,0.5993055555555555,0.9283422459893048,0.84375,0.7307692307692307,0.9752087376751141,0.9289998232814478,0.794519840170304,0.9293361884368309,0.84375,0.6045454545454545,0.9273504273504274,0.84375,0.9236111111111112,99.0
Average,0.922185471407196,0.8854300887021476,0.5947222222222222,0.9252406236176405,0.8945462377425599,0.7086150464224844,0.9813294313336378,0.9578138891150921,0.7441902334860429,0.9525710797617043,0.9091060276213749,0.6070147293367107,0.9003637024913621,0.8814484126984127,0.8527777777777779,
