Fold,Train_Accuracy,Val_Accuracy,Test_Accuracy,Train_F1,Val_F1,Test_F1,Train_AUCPR,Val_AUCPR,Test_AUCPR,Train_Precision,Val_Precision,Test_Precision,Train_Recall,Val_Recall,Test_Recall,Best_Epoch
1,0.8862827873466171,0.8587768440709618,0.6305555555555555,0.8814729574223246,0.8630705394190872,0.6756756756756757,0.975062040175191,0.9623226889107321,0.7449777075236669,0.9598997493734336,0.9043478260869565,0.6578947368421053,0.8148936170212766,0.8253968253968254,0.6944444444444444,99.0
2,0.9148035573567488,0.861811391223156,0.63125,0.9192139737991266,0.8688524590163934,0.727810650887574,0.9767602998816327,0.9479051614176279,0.7866930194323172,0.9439461883408071,0.8983050847457628,0.634020618556701,0.8957446808510638,0.8412698412698413,0.8541666666666666,83.0
3,0.8992457503095801,0.8396358543417367,0.6875,0.9110169491525424,0.8669201520912547,0.7741935483870968,0.9698885454518534,0.9322748062403885,0.7635010401860118,0.9071729957805907,0.8321167883211679,0.6700507614213198,0.9148936170212766,0.9047619047619048,0.9166666666666666,95.0
4,0.9143138579308792,0.9299719887955182,0.6402777777777777,0.9214208826695371,0.936,0.7420289855072464,0.9831134720185863,0.970532108080757,0.8015550834919012,0.9324618736383442,0.9435483870967742,0.6368159203980099,0.9106382978723404,0.9285714285714286,0.8888888888888888,94.0
5,0.8951079622132254,0.8578125,0.6506944444444445,0.8996692392502756,0.8484848484848485,0.7039473684210527,0.9734534110347327,0.9587737046965893,0.79691842157633,0.929384965831435,0.9514563106796117,0.66875,0.8717948717948718,0.765625,0.7430555555555556,95.0
Average,0.9019507830314101,0.8696017156862744,0.6480555555555556,0.9065588004587614,0.8766655998023166,0.7247312457757291,0.9756555537123992,0.9543616938692189,0.7787290544420454,0.9345731545929222,0.9059548793860547,0.6535064074436272,0.8815930169121657,0.853125,0.8194444444444444,
