Fold,Train_Accuracy,Val_Accuracy,Test_Accuracy,Train_F1,Val_F1,Test_F1,Train_AUCPR,Val_AUCPR,Test_AUCPR,Train_Precision,Val_Precision,Test_Precision,Train_Recall,Val_Recall,Test_Recall
1,0.8979511426319937,0.8858543417366946,0.6659722222222222,0.9119496855345912,0.9034749034749034,0.7171052631578947,0.9513333177802734,0.9501852825783051,0.8260582272975425,0.8987603305785123,0.8796992481203008,0.68125,0.925531914893617,0.9285714285714286,0.7569444444444444
2,0.8189294157379263,0.7938842203548087,0.6090277777777777,0.8642925890279115,0.8491228070175438,0.7204610951008645,0.8991909666224799,0.8600458864752839,0.5577156121942942,0.789103690685413,0.7610062893081762,0.6157635467980296,0.9553191489361702,0.9603174603174603,0.8680555555555556
3,0.8803275920297198,0.8482726423902894,0.7416666666666667,0.8874316939890711,0.8661417322834646,0.7605633802816901,0.9579954294684734,0.9204880218622691,0.8552483397257833,0.9123595505617977,0.859375,0.7714285714285715,0.8638297872340426,0.873015873015873,0.75
4,0.8848418327141732,0.8648459383753502,0.7173611111111111,0.8920392584514721,0.8744939271255061,0.7292418772563177,0.9690906409790636,0.9637430092399338,0.8416411145778993,0.9149888143176734,0.8925619834710744,0.7593984962406015,0.8702127659574468,0.8571428571428571,0.7013888888888888
5,0.9208277103013945,0.8729687500000001,0.6034722222222222,0.9297872340425531,0.8770491803278688,0.6531986531986532,0.9806873968188394,0.9580987552224831,0.7454292837258141,0.9258474576271186,0.9224137931034483,0.6339869281045751,0.9337606837606838,0.8359375,0.6736111111111112
Average,0.8805755386830414,0.8531651785714285,0.6674999999999999,0.8971000922091198,0.8740565100458573,0.7161140537990841,0.9516595503338259,0.9305121910756549,0.7652185155042666,0.888211968754103,0.8630112628005999,0.6923655085143555,0.909730860156392,0.8909970238095237,0.75
