Fold,Train_Accuracy,Val_Accuracy,Test_Accuracy,Train_F1,Val_F1,Test_F1,Train_AUCPR,Val_AUCPR,Test_AUCPR,Train_Precision,Val_Precision,Test_Precision,Train_Recall,Val_Recall,Test_Recall,Best_Epoch
1,0.8894742767083192,0.8783846872082166,0.625,0.8853211009174312,0.8776371308016878,0.6923076923076923,0.9723407406320898,0.9616755900053873,0.7750055179137291,0.9601990049751243,0.9369369369369369,0.6428571428571429,0.8212765957446808,0.8253968253968254,0.75,96.0
2,0.8937577395024203,0.8627450980392157,0.6034722222222222,0.8926553672316384,0.8677685950413223,0.6833855799373041,0.9757795222482444,0.9484471012763214,0.6747353791747616,0.9518072289156626,0.9051724137931034,0.6228571428571429,0.8404255319148937,0.8333333333333334,0.7569444444444444,99.0
3,0.8916019362827874,0.8678804855275444,0.6166666666666667,0.8878718535469108,0.88,0.6878980891719745,0.974480747054083,0.9635243001825944,0.7373308255664959,0.9603960396039604,0.8870967741935484,0.6352941176470588,0.825531914893617,0.873015873015873,0.75,99.0
4,0.8935551052572329,0.8814192343604108,0.6708333333333334,0.8972375690607735,0.8833333333333333,0.7430340557275542,0.9593720265461785,0.9729149429663194,0.7612057102542794,0.9333333333333333,0.9298245614035088,0.6703910614525139,0.8638297872340426,0.8412698412698413,0.8333333333333334,99.0
5,0.9252024291497976,0.88953125,0.5604166666666667,0.9251396648044693,0.8782608695652174,0.6521739130434783,0.9872213204333252,0.9755606632732304,0.587042499760966,0.9695550351288056,0.9901960784313726,0.5898876404494382,0.8846153846153846,0.7890625,0.7291666666666666,99.0
Average,0.8987182973801116,0.8759921510270775,0.6152777777777778,0.8976451111122445,0.8773999857483121,0.6917598660376006,0.9738388713827841,0.9644245195407706,0.7070639865340465,0.9550581283913772,0.9298453529516941,0.6322574210526593,0.8471358428805239,0.8324156746031747,0.763888888888889,
