Fold,Train_Accuracy,Val_Accuracy,Test_Accuracy,Train_F1,Val_F1,Test_F1,Train_AUCPR,Val_AUCPR,Test_AUCPR,Train_Precision,Val_Precision,Test_Precision,Train_Recall,Val_Recall,Test_Recall,Best_Epoch
1,0.7356692558820219,0.7661064425770308,0.5916666666666667,0.7370838117106774,0.775,0.627177700348432,0.8389559613794165,0.8670818437536983,0.667261639811792,0.800498753117207,0.8157894736842105,0.6293706293706294,0.6829787234042554,0.7380952380952381,0.625,94
2,0.6812675897782281,0.6514939309056956,0.50625,0.6783216783216783,0.6462882096069869,0.5130111524163569,0.8319998231678869,0.7998622505382391,0.6463737133891108,0.75,0.7184466019417476,0.552,0.6191489361702127,0.5873015873015873,0.4791666666666667,61
3,0.5119047619047619,0.5098039215686274,0.5041666666666667,0.7181054239877769,0.7159090909090909,0.7076167076167076,0.7232808684120866,0.642062817945834,0.7118825783007785,0.5601907032181168,0.5575221238938053,0.5475285171102662,1.0,1.0,1.0,90
4,0.7187943262411347,0.7457983193277311,0.5770833333333334,0.6952264381884945,0.7188940092165899,0.5703422053231939,0.8440765965328509,0.8571318466986781,0.702856871606625,0.8184438040345822,0.8571428571428571,0.6302521008403361,0.6042553191489362,0.6190476190476191,0.5208333333333334,98
5,0.7557692307692307,0.6912499999999999,0.7104166666666667,0.7594070695553021,0.6605504587155964,0.72,0.8811314441922129,0.8543812750138096,0.7924539005534841,0.8141809290953546,0.8,0.7557251908396947,0.7115384615384616,0.5625,0.6875,96
