,Gender ACC,Gender AUC,Gender F1,Disease ACC,Disease AUC,Disease F1,Fold Index
0,1.0,1.0,[1. 1.],0.9947916666666666,0.9997795414462082,[0.99401198 0.99539171],0
1,0.9895833333333334,1.0,[0.99115044 0.98734177],0.984375,0.9995612110574813,[0.98285714 0.98564593],1
2,1.0,1.0,[1. 1.],0.984375,0.9920634920634921,[0.98181818 0.98630137],2
3,0.9635416666666666,0.9981092203314426,[0.96888889 0.95597484],0.9947916666666666,0.9984606926882903,[0.99415205 0.99530516],3
4,0.984375,1.0,[0.98734177 0.97959184],0.9895833333333334,0.99978009895547,[0.98823529 0.99065421],4
