Fold,Train_Accuracy,Val_Accuracy,Test_Accuracy,Train_F1,Val_F1,Test_F1,Train_AUCPR,Val_AUCPR,Test_AUCPR,Train_Precision,Val_Precision,Test_Precision,Train_Recall,Val_Recall,Test_Recall,Best_Epoch
1,0.7961386918833727,0.8162931839402428,0.6881944444444444,0.7963386727688787,0.8185654008438819,0.7254237288135593,0.9132730134423488,0.9206960638156677,0.817044103849325,0.8613861386138614,0.8738738738738738,0.7086092715231788,0.7404255319148936,0.7698412698412699,0.7430555555555556,97
2,0.8016548463356974,0.7065826330532212,0.5986111111111111,0.8237791932059448,0.752851711026616,0.6966966966966966,0.9038246073843529,0.8631512056627182,0.6878308079274121,0.8220338983050848,0.7226277372262774,0.6137566137566137,0.825531914893617,0.7857142857142857,0.8055555555555556,96
3,0.8133344590791399,0.8253968253968254,0.6854166666666667,0.8083623693379791,0.8373983739837398,0.7326732673267327,0.9094686306582924,0.8914684229480296,0.7645639163556032,0.8900255754475703,0.8583333333333333,0.6981132075471698,0.7404255319148936,0.8174603174603174,0.7708333333333334,95
4,0.7942136665540921,0.8151260504201681,0.5909722222222222,0.7863849765258216,0.808695652173913,0.6466666666666666,0.9049611033546698,0.9212787324664392,0.748090159578639,0.8769633507853403,0.8942307692307693,0.6217948717948718,0.7127659574468085,0.7380952380952381,0.6736111111111112,96
5,0.8035425101214575,0.7107812499999999,0.6298611111111111,0.7981330221703618,0.6905829596412556,0.662020905923345,0.9193673557403907,0.8755624282861827,0.7478134323293606,0.8791773778920309,0.8105263157894737,0.6643356643356644,0.7307692307692307,0.6015625,0.6597222222222222,75
