Fold,Train_Accuracy,Val_Accuracy,Test_Accuracy,Train_F1,Val_F1,Test_F1,Train_AUCPR,Val_AUCPR,Test_AUCPR,Train_Precision,Val_Precision,Test_Precision,Train_Recall,Val_Recall,Test_Recall,Best_Epoch
1,1.0,0.9743230625583567,0.5993055555555555,1.0,0.976,0.7076023391812866,1.0,0.9973185238947551,0.7430198592526431,1.0,0.9838709677419355,0.6111111111111112,1.0,0.9682539682539683,0.8402777777777778,82
2,0.9989361702127659,0.9605508870214753,0.6027777777777777,0.9989350372736954,0.9641434262948207,0.6853582554517134,0.9997377672187877,0.990779257890281,0.7827001843568062,1.0,0.968,0.6214689265536724,0.997872340425532,0.9603174603174603,0.7638888888888888,75
3,1.0,0.9705882352941176,0.7055555555555556,1.0,0.9767441860465116,0.7701863354037267,1.0,0.9825832264969707,0.7428294734784786,1.0,0.9545454545454546,0.6966292134831461,1.0,1.0,0.8611111111111112,81
4,0.9965495891027806,0.9715219421101774,0.6201388888888889,0.9968051118210862,0.9765625,0.7055214723926381,0.9999909461089771,0.948131872505203,0.6626904256029355,0.997867803837953,0.9615384615384616,0.6318681318681318,0.9957446808510638,0.9920634920634921,0.7986111111111112,77
5,0.7588956365272155,0.7189062500000001,0.7069444444444444,0.7600459242250287,0.754863813229572,0.755700325732899,0.8690514075864593,0.8493050706861235,0.8584083238915494,0.8213399503722084,0.751937984496124,0.7116564417177914,0.7072649572649573,0.7578125,0.8055555555555556,53
