Fold,Train_Accuracy,Val_Accuracy,Test_Accuracy,Train_F1,Val_F1,Test_F1,Train_AUCPR,Val_AUCPR,Test_AUCPR,Train_Precision,Val_Precision,Test_Precision,Train_Recall,Val_Recall,Test_Recall,Best_Epoch
1,1.0,0.9792250233426705,0.5854166666666667,1.0,0.9799196787148594,0.6645569620253164,1.0,0.9983912435473419,0.7056899378248346,1.0,0.991869918699187,0.6104651162790697,1.0,0.9682539682539683,0.7291666666666666,68
2,1.0,0.9764239028944912,0.6006944444444444,1.0,0.9803921568627451,0.6772151898734177,1.0,0.9967008705899966,0.7180492420455279,1.0,0.9689922480620154,0.622093023255814,1.0,0.9920634920634921,0.7430555555555556,90
3,1.0,0.9705882352941176,0.6590277777777778,1.0,0.9767441860465116,0.7345679012345679,1.0,0.9375151509754053,0.6489285220826453,1.0,0.9545454545454546,0.6611111111111111,1.0,1.0,0.8263888888888888,89
4,1.0,0.9675536881419233,0.6263888888888889,1.0,0.9725490196078431,0.7021943573667712,1.0,0.9967227158264342,0.7271693427378627,1.0,0.9612403100775194,0.64,1.0,0.9841269841269841,0.7777777777777778,64
5,1.0,0.979375,0.5979166666666667,1.0,0.9802371541501976,0.6851851851851852,1.0,0.9981825076721788,0.6049737621243,1.0,0.992,0.6166666666666667,1.0,0.96875,0.7708333333333334,83
