Fold,Train_Accuracy,Val_Accuracy,Test_Accuracy,Train_F1,Val_F1,Test_F1,Train_AUCPR,Val_AUCPR,Test_AUCPR,Train_Precision,Val_Precision,Test_Precision,Train_Recall,Val_Recall,Test_Recall,Best_Epoch
1,1.0,0.9626517273576096,0.5909722222222222,1.0,0.96875,0.6770186335403726,1.0,0.9992158045442497,0.6521582330914455,1.0,0.9538461538461539,0.6123595505617978,1.0,0.9841269841269841,0.7569444444444444,10
2,0.9883260159855904,0.9470121381886087,0.5729166666666666,0.9893390191897654,0.9578544061302682,0.6862170087976539,0.9996428018132778,0.9937673045388475,0.6614126272692407,0.9914529914529915,0.9259259259259259,0.5939086294416244,0.9872340425531915,0.9920634920634921,0.8125,64
3,1.0,0.9754901960784313,0.6659722222222222,1.0,0.980544747081712,0.7301587301587301,0.9999999999999999,0.9815012175191854,0.6976532184828508,1.0,0.9618320610687023,0.672514619883041,1.0,1.0,0.7986111111111112,86
4,1.0,0.9556489262371615,0.6388888888888888,1.0,0.9603174603174603,0.7088607594936709,1.0,0.9973777869409849,0.7726619166024483,1.0,0.9603174603174603,0.6511627906976745,1.0,0.9603174603174603,0.7777777777777778,38
5,1.0,0.98046875,0.6152777777777778,1.0,0.9800796812749004,0.7051671732522796,0.9999999999999999,0.9953409650976389,0.5960557047673685,1.0,1.0,0.6270270270270271,1.0,0.9609375,0.8055555555555556,13
