Fold,Train_Accuracy,Val_Accuracy,Test_Accuracy,Train_F1,Val_F1,Test_F1,Train_AUCPR,Val_AUCPR,Test_AUCPR,Train_Precision,Val_Precision,Test_Precision,Train_Recall,Val_Recall,Test_Recall,Best_Epoch
1,1.0,0.9807003032809485,0.5851190476190476,1.0,0.9829059829059829,0.6770186335403726,1.0,0.9989988761479242,0.7537428393599493,1.0,0.9829059829059829,0.5989010989010989,1.0,0.9829059829059829,0.7785714285714286,76.0
2,1.0,0.97215329473394,0.6601190476190476,1.0,0.9741379310344828,0.7010309278350515,0.9999999999999999,0.9955723190676071,0.782517092560794,1.0,0.9826086956521739,0.6754966887417219,1.0,0.9658119658119658,0.7285714285714285,55.0
3,1.0,0.989247311827957,0.6398809523809523,1.0,0.9915254237288136,0.7035830618892508,1.0,0.9994863057434099,0.7727220548849956,1.0,0.9831932773109243,0.6467065868263473,1.0,1.0,0.7714285714285715,57.0
4,1.0,1.0,0.6428571428571429,1.0,1.0,0.7244582043343654,0.9999999999999999,1.0,0.8137040034525351,1.0,1.0,0.639344262295082,1.0,1.0,0.8357142857142857,46.0
5,1.0,0.9915254237288136,0.6440476190476191,1.0,0.9914529914529915,0.7058823529411765,0.9999999999999999,1.0,0.7518256891657165,1.0,1.0,0.6506024096385542,1.0,0.9830508474576272,0.7714285714285715,90.0
Average,1.0,0.9867252667143319,0.6344047619047619,1.0,0.9880044658244541,0.7023946361080433,1.0,0.9988115001917883,0.7749023358847982,1.0,0.9897415911738161,0.6422102092805609,1.0,0.9863537592351153,0.7771428571428571,
