Fold,Train_Accuracy,Val_Accuracy,Test_Accuracy,Train_F1,Val_F1,Test_F1,Train_AUCPR,Val_AUCPR,Test_AUCPR,Train_Precision,Val_Precision,Test_Precision,Train_Recall,Val_Recall,Test_Recall
1,0.9852355473307317,0.905569341053212,0.593452380952381,0.9872340425531915,0.9205020920502092,0.68125,0.9969227104742435,0.9776870789519818,0.7526193772064425,0.9851380042462845,0.9016393442622951,0.6055555555555555,0.9893390191897654,0.9401709401709402,0.7785714285714286
2,0.9767067626825441,0.8854425144747725,0.661904761904762,0.9785407725321889,0.8878923766816144,0.6947368421052632,0.9975608529002595,0.9693643006155096,0.7681530135944249,0.9848812095032398,0.9339622641509434,0.6827586206896552,0.9722814498933902,0.8461538461538461,0.7071428571428572
3,0.9863619905861527,0.9335539012958367,0.6375,0.9871244635193133,0.9396551724137931,0.695364238410596,0.999561484615028,0.9881501915583619,0.7790577677115555,0.9935205183585313,0.9478260869565217,0.6481481481481481,0.9808102345415778,0.9316239316239316,0.75
4,0.9833246168081425,0.9656741108354012,0.6625,0.9862433862433863,0.9702127659574468,0.7391304347826086,0.9978343216788071,0.9971978489430102,0.8156618560356291,0.9789915966386554,0.9661016949152542,0.6538461538461539,0.9936034115138592,0.9743589743589743,0.85
5,0.9847325613454645,0.9111090641120119,0.6309523809523809,0.9860664523043944,0.9177489177489178,0.6845637583892618,0.9978789963721804,0.987369478406373,0.7301264581812087,0.989247311827957,0.9380530973451328,0.6455696202531646,0.9829059829059829,0.8983050847457628,0.7285714285714285
Average,0.9832722957506072,0.9202697863542468,0.6372619047619048,0.9850418234304948,0.9272022649703964,0.699009054737546,0.9979516732081037,0.9839537796950474,0.7691236945458522,0.9863557281149337,0.9375164975260294,0.6471756196985354,0.983788019608915,0.9181225554106911,0.7628571428571429
