Fold,Train_Accuracy,Val_Accuracy,Test_Accuracy,Train_F1,Val_F1,Test_F1,Train_AUCPR,Val_AUCPR,Test_AUCPR,Train_Precision,Val_Precision,Test_Precision,Train_Recall,Val_Recall,Test_Recall
1,0.9491491330409945,0.9604356217259443,0.6130952380952381,0.9522776572668112,0.960352422907489,0.6217228464419475,0.9921638879543796,0.9979066656268077,0.7287171414428386,0.9690949227373068,0.990909090909091,0.6535433070866141,0.9360341151385928,0.9316239316239316,0.5928571428571429
2,0.9419077121132879,0.9507857733664186,0.656547619047619,0.9457700650759219,0.9515418502202643,0.6787003610108303,0.9897881462352225,0.9779940327713699,0.666355678986948,0.9624724061810155,0.9818181818181818,0.6861313868613139,0.929637526652452,0.9230769230769231,0.6714285714285714
3,0.9475198133322605,0.9432037496553626,0.6321428571428571,0.9513513513513514,0.9482758620689655,0.6619217081850534,0.9910597969756421,0.9925381640964664,0.7361403437420189,0.9649122807017544,0.9565217391304348,0.6595744680851063,0.9381663113006397,0.9401709401709402,0.6642857142857143
4,0.9501548859476204,0.9743589743589743,0.6339285714285714,0.9549356223175965,0.9736842105263158,0.6736111111111112,0.9922178825449649,0.9994287802048186,0.7337447670994373,0.9611231101511879,1.0,0.6554054054054054,0.9488272921108742,0.9487179487179487,0.6928571428571428
5,0.9560587262200166,0.9467575534266766,0.6642857142857143,0.9602577873254565,0.9473684210526315,0.7034482758620689,0.9934667838589654,0.9935994471778874,0.7592916206208886,0.9654427645788337,0.9818181818181818,0.68,0.9551282051282052,0.9152542372881356,0.7285714285714285
Average,0.948958054130836,0.9551083345066752,0.6399999999999999,0.9529184966674276,0.9562445533551334,0.6678808605222023,0.9917392995138348,0.99229341797547,0.7248499103784263,0.9646090968700196,0.9822134387351777,0.666930913487688,0.9415586900661527,0.9317687961755758,0.6699999999999999
