Fold,Train_Accuracy,Val_Accuracy,Test_Accuracy,Train_F1,Val_F1,Test_F1,Train_AUCPR,Val_AUCPR,Test_AUCPR,Train_Precision,Val_Precision,Test_Precision,Train_Recall,Val_Recall,Test_Recall
1,0.9127344877344877,0.731060606060606,0.7386363636363636,0.9359477124183007,0.8172043010752689,0.6373626373626373,0.9854044682531361,0.917863229927572,0.7043482537991851,0.9701897018970189,0.8735632183908046,0.6170212765957447,0.9040404040404041,0.7676767676767676,0.6590909090909091
2,0.921367934665807,0.7754689754689754,0.726010101010101,0.9397905759162304,0.851063829787234,0.62,0.9917582347660344,0.9204252661265409,0.6082036602115244,0.9755434782608695,0.898876404494382,0.5535714285714286,0.9065656565656566,0.8080808080808081,0.7045454545454546
3,0.9282183537502686,0.7772005772005772,0.7537878787878788,0.9393139841688655,0.8775510204081632,0.6590909090909091,0.9923700000033332,0.9400682143862009,0.772737357965989,0.9834254143646409,0.8865979381443299,0.6590909090909091,0.898989898989899,0.8686868686868687,0.6590909090909091
4,0.9378358048570814,0.704040404040404,0.7651515151515151,0.9445910290237467,0.8290155440414507,0.6741573033707865,0.9938453009912909,0.9258797415695031,0.753684021392233,0.988950276243094,0.851063829787234,0.6666666666666666,0.9040404040404041,0.8080808080808081,0.6818181818181818
5,0.9044165054803353,0.7233766233766235,0.7462121212121212,0.9291338582677166,0.8393782383419689,0.6458333333333334,0.9866879530092392,0.8925162012035264,0.6252172278912458,0.9672131147540983,0.8617021276595744,0.5961538461538461,0.8939393939393939,0.8181818181818182,0.7045454545454546
Average,0.9209146172975959,0.7422294372294372,0.7459595959595959,0.937755431958972,0.8428425867308171,0.6472888366315332,0.9900131914046068,0.9193505306426687,0.6928381042520355,0.9770643971039444,0.874360703695265,0.618500825415719,0.9015151515151514,0.8141414141414142,0.6818181818181819
