Fold,Train_Accuracy,Val_Accuracy,Test_Accuracy,Train_F1,Val_F1,Test_F1,Train_AUCPR,Val_AUCPR,Test_AUCPR,Train_Precision,Val_Precision,Test_Precision,Train_Recall,Val_Recall,Test_Recall,Best_Epoch
1,0.9352092352092352,0.8017676767676768,0.7992424242424243,0.9417989417989417,0.8540540540540541,0.717391304347826,0.9916136951805032,0.9246702681340926,0.742622295177338,0.9888888888888889,0.9186046511627907,0.6875,0.898989898989899,0.797979797979798,0.75,60.0
2,0.9608048570814528,0.7099567099567099,0.8106060606060606,0.9717948717948718,0.8484848484848485,0.7311827956989247,0.9963288482444557,0.9233223756002845,0.7578853421774325,0.9869791666666666,0.8484848484848485,0.6938775510204082,0.9570707070707071,0.8484848484848485,0.7727272727272727,68.0
3,0.9481785944551901,0.7688311688311689,0.7297979797979798,0.9584415584415584,0.8910891089108911,0.625,0.995743723238435,0.9406229762439071,0.672653651545284,0.9866310160427807,0.8737864077669902,0.5769230769230769,0.9318181818181818,0.9090909090909091,0.6818181818181818,69.0
4,0.8606544165054804,0.7435786435786436,0.7108585858585859,0.8992042440318302,0.8629441624365483,0.6019417475728155,0.9753189774509288,0.9321476538615582,0.5828978055718288,0.946927374301676,0.8673469387755102,0.5254237288135594,0.8560606060606061,0.8585858585858586,0.7045454545454546,35.0
5,0.9054373522458629,0.7326118326118326,0.7941919191919191,0.927536231884058,0.837696335078534,0.7096774193548387,0.9873214292497339,0.8898445918411387,0.8078972669263006,0.9696969696969697,0.8695652173913043,0.673469387755102,0.8888888888888888,0.8080808080808081,0.75,51.0
Average,0.9220568910994442,0.7513492063492064,0.7689393939393938,0.939755169590252,0.8588537017929753,0.6770386533948811,0.9892653346728114,0.9221215731361962,0.7127912722796368,0.9758246831193965,0.8755576127162887,0.6314387489024293,0.9065656565656564,0.8444444444444444,0.7318181818181818,
